Surabhi,+(91)-9152694367,4.8,,"A/14, Matru Shakti Society, India Colony Road, Bapunagar, Ahmedabad - 380024, Opposite Sales India Limited",
Payal Ladies Tailor,+(91)-9152134383,4.2,,"21 Aniket Building, C G Road, Navrangpura, Ahmedabad - 380009, Near Metro Shoes and  Municipal Market",
Gurjari Fashion,+(91)-9152741162,3.8,,"Shop No 12, Corporate House, Judges Bungalow Road, Bodakdev, Ahmedabad - 380054, Near Pakwan Cross Road, Near Honest Restaurant",
Nancy Mega Mart,+(91)-79-29709811,4.4,,"Ground Floor1, Galaxy Business Park, Sardar Patel Ring Road, Nikol, Ahmedabad - 382350, Near Galaxy Height,Opposite Torrent Substation",
Kum Kum Designer,+(91)-9152101835,4.6,,"B-4, Upper Level,Shreeji Bapa Complex, Vasna Barej Road, Vasna, Ahmedabad - 380007, Opposite Swaminarayan Mandir",
Nehas Designer Studio,+(91)-9152378437,4.6,,"Shop No.D-6 & 8, First Floor,Rajshree Enclave,, Shreyas Tekra, Satellite Road, Ahmedabad - 380015, Near Near Tulip Bungalows",
Khatri Designers,+(91)-9152515323,4.9,,"A-602, Abhilash Apartment,, Vaishno Devi Circle, Ahmedabad - 382481, Opposite Saga, Behind Nirma University",
Payal & Pam Hers Designer W..,+(91)-9152120027,3.5,,"Shop Number 107- Ratna High Street, Naranpura Cross Road, Opp.Osia Hypermarket, Naranpura Vistar, Ahmedabad - 380013, Near Naranpura Police Chowki",
Big Eva,+(91)-9152605456,4.7,,"S/7, Everest Tower, 132Ft Ring Road, Naranpura Vistar, Ahmedabad - 380013, Near Shivalik Yash",
Shyamal And Bhumika Fashion..,+(91)-79-26562600,4.2,,"1, Ground Floor, Aashka Complex, Mithakhali, Ahmedabad - 380009, Near Mithakhali Six Road, Next to Medisurge Hospital Lane, Opposite Lemon Tree Hotel",
Elan The Fashion Store,+(91)-079-26569699,3.9,,"2/A, Hill Plaza, Gulbai Tekra, Ahmedabad - 380015, Opposite Sears Tower",
Deval Boutique,+(91)-079-26568072,4.0,,"Block-R, Mondeal Business Park, Sarkhej Gandhinagar Road, Thaltej, Ahmedabad - 380059, Next to Gurudwara Temple",
Studio Virtues,+(91)-79-26309567,4.1,,"Ashish Bunglow, Atira Road, Panjrapole, Ahmedabad - 380015, Near Panjrapole Cross Roads, Behind Antariksh Building",
Nautanky,+(91)-79-40008338,4.1,,"F 1, Satellite Apartment, Premchandnagar Road, Satellite, Ahmedabad - 380015, Next to Sanman Tower",
Kp Designer,+(91)-9913548111,4.0,,"Ratanpole, Ahmedabad - 380001, Opposite Marchipole",
Ritu Kumar,+(91)-079-48964774,4.1,,"Shop No 4, Shoppers Plaza, C G Road, Navrangpura, Ahmedabad - 380009, Opposite BSNL Bhavan",
R V Designer,+(91)-8000857885,4.4,,"Shop No 3, Ground Floor, Acumen Building, University Road, Gulbai Tekra, Ahmedabad - 380015, Near Old Passport Office, Beside Enrich Salon",
Swati Apparels,+(91)-8000418180,5.0,,"3 4 Ground Floor, Vrundavan Comples, Pankore Naka, Ahmedabad - 380001",
Purvi Doshi,+(91)-079-40054736,4.5,,"12,13 , Sunrise Park Society, Bodakdev, Ahmedabad - 380054, Oppoisite Advait, Next To Upper Crust Restaurant, Near Vastrapur Lake",
Kasheesh K,+(91)-079-26748620,4.6,,"Nehru Nagar-Jodhpur Tekra, Ahmedabad - 380015, Near Nehru Nagar Circle, Tagore Park",
Be Queen Boutique,+(91)-9979610184,4.0,,"Satellite, Ahmedabad - 380015, Near Jodhpur Cross Road, Opposite Indian Oil Petrol Pump",
Fuel Fashion Store,+(91)-79-26442324,4.0,,"Optionz Building, Navrangpura, Ahmedabad - 380009, Opposite Hotel Nest, Off C G Road",
Sans The Multi Designer Stu..,+(91)-079-40454799,3.8,,"Ground Floor, Armieda House, Sindhu Bhavan Road, Sarkhej Gandhinagar Highway, Ahmedabad - 380055",
Avadh By Avani Dhara,+(91)-9712907509,5.0,,"1, Sharad Apartment, Kokilaben Vyas Marg, C G Road, Ahmedabad - 380009, Near Gulbai Tekra, Near IDBI Bank, Near Mocha Cafe",
Eves,+(91)-9687610051,4.6,,"10, Santosh Chhavani Row House, Nr Shantinath Apptt, Vejalpur Bus Stop, Vejalpur, Ahmedabad - 380051, Nr Venus Parkland",
Anonymous,+(91)-079-40329663,4.2,,"C/2, Sonarika Apartment, IIM Road, Panjrapole, Ahmedabad - 380015, Opposite Dangee Drums , Near Panjrapole Cross Roads",
Jyoti Beauty Parlour And Dr..,+(91)-7046719387,4.6,,"631, Samrath Nagar, Sardarnagar, Hansol, Ahmedabad - 382475",
Alisha By Anita Rathod,+(91)-079-48002943,4.4,,"10 Ground Floor Utsav Raw House, Thaltej Road, Thaltej, Ahmedabad - 380054, Opposite Sal Hospital",
Kalp Paridhan,+(91)-9740282580,4.9,,"14, Siddhi Flora, Karnavati Appartment, Narol Aslali Highway, Narol, Ahmedabad - 382405, Near Shalin",
Davebro.Com - Designer Ladi..,+(91)-9998871196,4.7,,"Ranchodpurabhadaj Bhadaj, Ahmedabad380060, Science City Road, Ognaj, Ahmedabad - 380060",
Aesthetics,+(91)-9510255395,4.2,,"GF-M, Kalatirth Complex, Prernatirth Derasar, Satellite, Ahmedabad - 380015, Near Prernatirth Derasar",
Sagaa Lifestyle Stores,+(91)-079-65499199,4.1,,"27, Tejdhara Bunglows, Prahladnagar, Ahmedabad - 380015, Behind Regency Plaza, Near Rahul Tower, Next to Gloria Restaurant",
Dhaaga Saarang,+(91)-9265525745,4.6,,"Zydus Hospital Road, Thaltej, Ahmedabad - 380059, Behind Allen Kohinoor Girls Hostel",
Meeraya By Nisha & Niyati,+(91)-9099188222,3.8,,"8 Jeevandeep Row House, Chirag Amin Hospital Road, Thaltej, Ahmedabad - 380059, Near Jeevandeep Circle",
Anaya Fashion Luxuries,+(91)-079-26851484,2.4,,"Shop No 11, Utsav Row House, Thaltej, Ahmedabad - 380059, Opposite Sal Hospital, Near Aditya Bungalows",
Meera Fashion Hub,+(91)-9157114221,4.9,,"Om Villa Opp Safari Hotel, Pdhav Road, Odhav, Ahmedabad - 382120, S P Ring Road",
Richas Designing Hub,+(91)-7567840175,4.7,,"22, Shakuntal Complex, Ambawadi, Ahmedabad - 380006, Rim Petrol Pump, C N Vidhyalaya",
Atosa Store,+(91)-9328015882,4.6,,"001 B, Parshwanath E-Square, Corporate Road, Prahladnagar, Ahmedabad - 380015, Next to Titanium City Center",
Yourdesignerwear.Com,+(91)-9601258099,4.4,,"B/203, Gcp Business Center, 2nd Floor, Navrangpura, Ahmedabad - 380009, Opposite Memnagar Fire Station",
Ashee Vahane,+(91)-9737534466,4.8,,"Shop No. B-26, Ground Floor, Radhe Mall, Near Khokhara Circle, Khokhara Mehmadabad, Ahmedabad - 380008, Besides Osia Hypermart",
Sanvis Pop Up Shop,+(91)-8758484376,4.7,,"40, Saket 3 Row House, Bakericity, Makarba Road, Vejalpur, Ahmedabad - 380051",
Clotharena Fashion,+(91)-9409366133,4.5,,"Chandlodiya, Ahmedabad - 380061",
M Karishma Creation,+(91)-8141004523,4.3,,"Shop No 1,2, Bblock, Ground Floor, Sumel Business Park3,(Safal3), Raipur, Ahmedabad - 380001, Opposite New Cloth Market",
Asopalav Emporium,+(91)-079-22749618,4.3,,"9, Kabir Chambers, Bhid Bhanjan Road, Bapunagar, Ahmedabad - 380024, Opposite Patel Wadi",
ShanuS Customaized Studio,+(91)-9924379871,4.3,,"20, Mahavir Nagar, Road, Vejalpur, Ahmedabad - 380051",
Shivanis,+(91)-079-26302813,3.7,,"B 3/4, Neelamber Complex, H L College Road, S P Road, Navrangpura, Ahmedabad - 380009, Besides Bank Of Baroda",
Oak & Pine,+(91)-079-26854445,5.0,,"Shop No. 3/4, Platinum Plaza, Opp. Ioc Petrol Pump, Bodakdev, Ahmedabad - 380054",
Bhawana Sah A Designer Bout..,+(91)-7874455244,3.9,,"Shop 4 Signature Complex, Hebatpur Road, Thaltej, Ahmedabad - 380054, Near Zydus Hospital",
Bhumi Designer Wear,+(91)-9924548524,3.6,,"A201, Shreeji Enclave, Sola, Ahmedabad - 380060, Near Sai Baba Temple,Near Sola Bhagwat Vidhyapith",
Khazana Traditional,+(91)-7228866763,5.0,,"17-Groundfloor, Vrundavan Complex, Pankornaka, Ratan Pole, Ahmedabad -1, Ratanpole, Ahmedabad - 380001",
Alia Garment,+(91)-8140604989,5.0,,"Narolgam, Narol, Ahmedabad - 382405, Opposite Bomby Hotel Behind Maniar Petrol Pump,Near Gujarat Daining Holl Khavaja Nagar",
Marc Steve,+(91)-9381904000,4.8,,"Chimanlal Girdharlal Road, Paldi, Ahmedabad - 380007",
Patterns The Fashion Store,+(91)-79-26601123,4.3,,"108, Sahajanand Plaza, Bhathha Cross Road, Paldi, Ahmedabad - 380007",
Ciceroni,+(91)-079-40390417,4.3,,"10th Floor Saphat 5 Opposite Karnavati Club, S G Highway, Ahmedabad - 380051",
Kersom Brothers,+(91)-79-48990533,4.0,,"B-39,Ground Floor,Safal-3, Raipur, Ahmedabad - 380002, Near New Cloth Market",
Sarkar Impex,+(91)-9825530788,4.0,,"Block No. 5002, Satellite, Ahmedabad - 380015, Near Shubh Darshan Appt,Opposite Prernatirth Derasar",
Heenas Designer Studio,+(91)-9376636177,3.9,,"Bunglows No 1, Rajgiri Society, Narayannagar Road, Paldi, Ahmedabad - 380007, Near Munsi Hospital, Shantivan",
Gulnaz Collection,+(91)-9924138023,3.5,,"14-15, Sania Park, Vatva, Ahmedabad - 382440, Opp Golden Tokiz, B/H Kutbe-Alam",
Shilpas Fashion,+(91)-079-40193477,2.5,,"Shop No-14, GF Vraj Vihar-3, Jodhpur Cross Road,, Satellite, Ahmedabad - 380015, Near, PrernaTirth Derasar Road,",
Shanus Customized Studio,+(91)-9924379871,4.5,,"A/3,  All Rehmani Society,  Vejalpur Road, Vejalpur, Ahmedabad - 380051, Near TV 9 Road",
N Trends,+(91)-079-26760961,3.0,,"Nisaa House, 204 & 205, Azad Society, Satellite, Ahmedabad - 380015, Near Sahajanand College, Opposite Samay Apartments",
Jackal,+(91)-9327256439,5.0,,"Shop No 03, Patel Chambers, H L College Road, Navrangpura, Ahmedabad - 380009, Near H L Commerce College",
Navjyoti Creation,+(91)-9429207446,5.0,,"210, 2nd Floor, M.G.Market,Nagar Sheth's Vando, Gheekanta Road, Ahmedabad - 380001",
Purnali Fashion Collection,+(91)-9106291069,5.0,,"13 VishvaKunj Society, Nr Siddhivinayak Temple, Paldi, Ahmedabad - 380007, Behind Kala Mandir Flat",
GIRLS DOOR (Shukan Mall),+(91)-8849681567,5.0,,"G/F -45 Shukan Mall, Shukan Mall, Shahibaug, Ahmedabad - 380004, Nr. Rajasthan Hospital",
Stylista,+(91)-79-31209971,5.0,,"Ratnam Highstreet, 118, Naranpura Vistar, Ahmedabad - 380013",
Meraki Handcrafted Elegance,+(91)-9428737162,5.0,,"Daxini Society, Maninagar, Ahmedabad - 380008",
Babulkars,+(91)-7874766655,5.0,,"45, Lad Society Road, Lad Society, Bodakdev, Ahmedabad - 380054",
Srirang Boutique,+(91)-79-27481806,5.0,,"El-13, Manthan Complex, Sola Road, Ahmedabad - 380061, Near Sun N Step Club",
Vaishakhi Thakkar,+(91)-9898956156,5.0,,"06, Rudravan Bunglow, Thaltej , 38, Gulab Tower Road, Thaltej, Ahmedabad - 380054, Near Grand Cambay Hotel",
Vivah Boutique,+(91)-9099290265,4.5,,"B 501, Parshva Padmavati Flate, Jivraj Mehta Hospital Road, Vasna, Ahmedabad - 380007, Near Madhuvan Flat",
Chhapa,+(91)-9909658888,4.5,,"Shop No 22 Madhu Milan Estate, Main Road, G.I.D.C., Naroda Gidc, Ahmedabad - 382345",
Divya Selection,+(91)-7486991964,4.0,,"A23 Maruti Tenaments, Isanpur, Ahmedabad - 382443",
R Clothing,+(91)-7984767310,4.0,,"A/8, Shilp Aaron, Sindhu Bhavan Road, Pakwan Char Rasta, Bodakdev, Ahmedabad - 380054, Near Pakwan Dining Hall, Opposite Armieda Restaurant",
Vichar,+(91)-9879552785,3.5,,"104. Silver Square Complex, Opp. Bagban Party Plot, Hebatpur, Ahmedabad - 382455, Hebatpur Cross Road",
Shantanu & Nikhil,+(91)-79-26870412,3.0,,"36, Rajpath Row House, Ground Floor, Bodakdev, Ahmedabad - 380054, Opposite A I S School",
Ritu Kumar (Privilon Mall),+(91)-9512588855,2.5,,"Shop Number 14, Privilon Mall, Sarkhej Gandhinagar Highway, Ahmedabad - 380055, Behind Iskon Temple",
Mahalaxmi Cloth Readymade,+(91)-9173039959,2.5,,"Bombay Conductor Jashoda, Phase I, Gidc Vatwa, Bombay Conductor Road, Ghodasar, Ahmedabad - 380050",
S B Designer,+(91)-9033638972,5.0,,"Ground Floor, Sahajanand Shopping Center, Tankshal, Pankor Naka Road, Khadia, Ahmedabad - 380001",
Anjali Creation,+(91)-9898361336,5.0,,"192/Sugnomal Market, Reid Road, Ahmedabad - 380001, Near Hariom Ac Market Revadi Bazaar Ahmedabad",
Nirjara Design Space,+(91)-9979125649,5.0,,"A7, , Vaibhav Appartment, Sv Desai Marg, Gulbai Tekra, Ahmedabad - 380009",
Aarohi Nx,+(91)-9998948731,5.0,,"Shop 2 A7 Savita Society, Naranpura Vistar, Ahmedabad - 380013, Opposite Havmore Ice Vream",
Soni Paridhi Fashions,+(91)-8141710276,5.0,,"Ui/04,Dev Darshan Complex, Vijay Cross Road, Ambawadi, Ahmedabad - 380006, Near Manekbaug",
Hina Fashion Design,+(91)-9428800805,5.0,,"102, Shalin Complex, Krishna Baug Cross Road, Maninagar, Ahmedabad - 380008, Opp Vijaya Bank",
French Curve,+(91)-9925594486,5.0,,"Shop No 6/7, Kabir Chambers, Bapunagar, Ahmedabad - 380024, Near Patel Vadi, Opposite Mahila College, Above Arvind Jewellers",
Fabs Cloth Pvt. Limited,+(91)-8401998125,5.0,,"Bhuyangdev Cross Roads, Gurukul, Ahmedabad - 380052, H.B Kapadia School",
Akshar Fashion,+(91)-9558804791,5.0,,"1, Jamnotri, Pratik Tenament Road, Bapunagar, Ahmedabad - 380024",
Meeraya By Niyati & Nisha,+(91)-9099188222,5.0,,"8, Jeevandeep Row House, Thaltej, Ahmedabad - 380059",
V.r Saurabh,+(91)-6351081374,5.0,,"G-28 Satyam Status Complex, Anandnagar Road, Satellite, Ahmedabad - 380015, Near Chandan Party Plot",
Royal Fashion Hub,+(91)-8849166326,5.0,,"Shop No 16. Upper Level Royal Akbar Tower, Opp. Lal Plaza, Juhapura, Ahmedabad - 380055",
Mant & Duranty,+(91)-9998261678,5.0,,"1, Mangal Baug, Bodakdev, Ambli Road, Ambli, Ahmedabad - 380058, Opposite Jayantilal Park Brts Iscon",
Bliss Couture,+(91)-9426059859,5.0,,"D Block,1stapat Appartment, Sterling Hospital, Gurukul, Ahmedabad - 380059",
Fashion week A to z beautic..,+(91)-8155086966,5.0,,"Shop no.- 11 madhuli app, In side asipalav soc, Vatva, Ahmedabad - 382440, Jain temple road",
Aastha Fashion Hub,+(91)-8171870000,4.5,,"53. Sindhi Market, Opp Railway Station, Maninagar, Ahmedabad - 380008",
Studio 99,+(91)-9157735555,4.5,,"Shop No -14, Balaji Avenue, Judges Bunglow Road, Mansi Circle, Ahmedabad - 380015, Opposite Sunrise Mall",
Agni Creations,+(91)-9824479974,4.5,,"Balleshwar Bunglows, Bopal Ghuma Road, Bopal, Ahmedabad - 380058, Opp India Colony",
Monapali,+(91)-079-26404504,4.0,,"Basement, Shantanu Complex, Navrangpura, Ahmedabad - 380009, Opposite Klassic Gold",
Amara Fashion,+(91)-8487097923,3.5,,"J-10, Balaji Avenue, Premchand Nagar Road, Vastrapur, Ahmedabad - 380015, Near Mansi Circle",
Anokhi Designers,+(91)-9408756906,3.0,,"C 114, Sumel Business Park (Safal 3), New Cloth Market, Sherkotda, Diwan Ballubhai Road, Ahmedabad - 380002, Opposite",
Dhanlaxmi Fashion,No Number!,0.0,,"Shop No 71, Ground Floor, Ratanpole, Ahmedabad - 380001, Near Vrundavan Shopping Centre",
Kstudio,+(91)-9033348065,0.0,,"Ground Floor Mangalya House, Mithakhali, Ahmedabad - 380009, Behind Incometex Ashramroad",
Gold Feather,+(91)-079-30007639,0.0,,"203, Sahajananad Complex, Swastik Cross Road, C G Road, Ahmedabad - 380009, Behind Bhagwati Chambers",
Classic Fashion Menz Wear,+(91)-9725566981,0.0,,"A,116.1st Floor City Center, Ahmedabad_, Prem Darwaja Road, IDGAH, Ahmedabad - 380016, Near Idgah Circle",
Mahadev Fashion,+(91)-8866647345,0.0,,"Shop No. 319, 3rd Floor, New Jekor Market, Kalupur, Fire Brigade Road, Revdi Bazar, Ahmedabad - 380002, Opposite Hariom Market",
Picasso,+(91)-79-30551900,0.0,,"First Floor, Chandraprabhu Complex, Sardar Patel Stadium Road, Navjivan, Ahmedabad - 380014, Near Sardar Patel Cross Road",
Fashion Tailors Style,+(91)-9824688072,0.0,,"Shop No 2, Omdeep Apartment, Narayan Nagar Road, P T College Cross Road, Paldi, Ahmedabad - 380007",
Shital Creation,+(91)-9825576578,0.0,,"Gokul Row House, Shyamal, Satellite, Ahmedabad - 380015",
Fabrika Fashion & Lifestyle..,+(91)-79-48000144,0.0,,"Ahmedabad One Mall, Kiosk Ubk  02, Lower Ground Floor, Vastrapur, Ahmedabad - 380015",
Chitra Style Store,+(91)-9825263634,0.0,,"Vastrapur, Vastrapur, Ahmedabad - 380015",
Manish mens wear,+(91)-9825715860,0.0,,"55, sunset row house, Gurukul road, Gurukul Road, Ahmedabad - 380052, NR sterling hospital",
Krishna Chapni & Fashion Ho..,No Number!,0.0,,"Bapunagar, Ahmedabad - 380024",
Kalpana Handloom Studio,+(91)-9712924082,0.0,,"22, Shyamal Raw House Part 3, Shyamal Cross Road, Shyamal Cross Road100 Ft. Road, Satellite, Ahmedabad - 380015, Opposite Sanjay Tower",
Jramp Infotech,No Number!,0.0,,"C-91, Akash Tower, Satellite, Ahmedabad - 380015, Opposite Premchand Nagar, Bodakdev",
Samsara,+(91)-79-26761189,0.0,,"FF-28, Balaji Avenue, Opp Sunraise Mall, Mansi Circle, Satellite, Ahmedabad - 380015, Opp Swami Narayan Temple",
John Killer,+(91)-9724394007,0.0,,"Soni Ni Chali, Bapunagar, Ahmedabad - 380024",
Shivanis Boutique,+(91)-9727683673,0.0,,"8, Aastha Apartment, Ghatlodiya, Ahmedabad - 380061, Behind Alkapuri Society, Opposite Hirabaag-1",
Kin Fashion,+(91)-079-27663687,0.0,,"694/4553, Gujarat Housing Board, Nikol Road, Bapunagar, Ahmedabad - 380024, Near Gokul Shoes Center",
Shrirang Designer Studio,+(91)-8401998818,0.0,,"EL-13 Manthan Complex  Near Sun Step Club, Sola Road, Ahmedabad - 380061",
Zoya Dress Materials,+(91)-7778880679,0.0,,"Opp Tawwakle Chicken Shop, Main Bazaar, Juhapura, Ahmedabad - 380055",
Maruti Designing,+(91)-9898721135,0.0,,"Devraj Mall, 104, Aproch, India Colony Road, Thakkarbapanagar, Bapunagar, Ahmedabad - 380024",
Kalakari Art Studio,+(91)-9726542351,0.0,,"2, Ghatlodiya, Chanakyapuri, Sola Road, Ahmedabad - 380061",
Shagun Boutique,+(91)-79-27449409,0.0,,"20, Rudra Square, Bodakdev, Ahmedabad - 380054, Near Judges Bunglow,Above Gormoh Restaurant",
Akshar Fashion Store,+(91)-9558587385,0.0,,"Shop number-  A:-12, pramukhnagar complex, Main r.c.technical road, Chanakyapuri-Ghatlodia, Ahmedabad - 380061, near Bajrang dairy parlour,opposite haveli hall",
Sale Price,+(91)-9558307123,0.0,,"Shop No 20, Sonal Cross Road, Juhapura, Ahmedabad - 380055, Opposite Subedar Loan, Opposite Tavakkal Hotel",
The Hanger Gallerie,+(91)-9624286699,0.0,,"10 GF-Maple Tree Shopola, Thaltej, Ahmedabad - 380054, Surdhara Circle",
Devikrupa Designer Studio,+(91)-9662211868,0.0,,"Silver Complex, 105, Murlidhar Party Plot Road, Thaltej, Ahmedabad - 380059, Opposite Baghban Hebatpur Cross Road Ahmedabad",
Weara Clothing,+(91)-9099922963,0.0,,"Bipin Villa, Paldi, Ahmedabad - 380054, Near Dashaporvad Society",
Lovely Beauty Parlour And D..,+(91)-7046719387,0.0,,"631, Ambawadi Cir, Sindhi Ambawadi, Sardarnagar, Hansol, Ahmedabad - 382475",
Ruchh,+(91)-9879208206,0.0,,"Ravija plaza, Silaj road, Thaltej Road, Ahmedabad - 380054",
Akshar Creation,+(91)-9925070316,0.0,,"Shraddha Complex, Odhav Gam, Virat Nagar Road, Odhav Gam, Ahmedabad - 382415",
Ashwinbhai Designing,+(91)-8140448165,0.0,,"Shraddha Complex, Virat Nagar Road, Odhav Gam, Odhav Gam, Ahmedabad - 382415",
Beunique,+(91)-8238386634,0.0,,"Arshad Park Residency, 17,Rukhsar, Ahmedabad - 380055, Near Mubinpark",
Fnf Gents Wear & Ladies Wea..,+(91)-9909396918,0.0,,"Shop No. 203 Pavilion Mall, Nikol Gam, Ahmedabad - 382350, Near Shukan Cross Road",
Haweli Fashion Point,+(91)-9913447945,0.0,,"Vitthal Plazaa Complex Nava Naroda, Opposit Saptak Vihar Complex, Naroda Road, Ahmedabad - 382330, Naroda",
Roopa Handicrafts,+(91)-9824198611,0.0,,"Dhgarwad Cloth Market, Khadia, Dhalgarwad, Ahmedabad - 380001",
The Jeans Live Gallery,+(91)-7016137767,0.0,,"30/756 Soneriya Blocks Bapunagar, Bapunagar, Ahmedabad - 380024",
Tara Creations,+(91)-79-40326519,0.0,,"305 Sant Vihar Appartment, Satellite, Shyamal, Ahmedabad - 380015, Behind . Medilink Hospital",
New York fation hub mens we..,+(91)-9979964050,0.0,,"FF/9, shukan city, Opp. Arya villa, Ranip, Ahmedabad - 382480, Anand party plot lane",
Studio b,+(91)-8511535440,0.0,,"12,Kameshwar Dev Co Op Society, Rajpath Club, Bodakdev, Ahmedabad - 380059, Opposite Kishan Banglows,Behind",
Lushika,+(91)-9913813873,0.0,,"Science City, Ahmedabad - 380060",
