Lemon Tree Hotels,+(91)-9152150202,4.1,,,
Ebony Residency,+(91)-9152224385,4.3,,,
Tribecca Inn,+(91)-9909953660,3.8,,,
Hotel Long Stay,+(91)-9152198821,3.9,,,
Hotel Pleasantlake,+(91)-9152688224,4.8,,,
Metropole Hotel,+(91)-9152158941,3.8,,,
Hotel Science City Inn,+(91)-9152517074,4.0,,,
Prasang Presidency,+(91)-9152148879,4.2,,,
Furaat Inn,+(91)-079-26462001,4.0,,,
Hotel Vibrant Regency,+(91)-9152119655,4.2,,,
Hotel Shekhawat  Palace,+(91)-9152870208,4.0,,,
Kanan Hotels And Banquets,+(91)-9152156676,4.0,,,
White Cloud Hotel,+(91)-9152213153,5.0,,,
Hotel Relax Inn,+(91)-9152198553,3.8,,,
Hotel Balaji,+(91)-9152953253,4.3,,,
Hotel Royal King By Sky Sta..,+(91)-9152499661,3.8,,,
Hotel Mann Palace,+(91)-9152462694,3.7,,,
Shree Mahakali Guest House ..,+(91)-9152671212,4.2,,,
Prasang Presidency,+(91)-9152148879,4.2,,,
Hotel Rajdeep Inn,+(91)-9152170474,3.7,,,
Hotel Riverfront,+(91)-079-26577406,3.5,,,
Hotel Dream Inn,+(91)-9152344636,3.8,,,
Hotel Shrimad Residency,+(91)-9152158482,3.6,,,
Hotel Campus,+(91)-9152159726,3.7,,,
Hotel Khushboo,+(91)-9152109868,3.9,,,
Hotel Mann Palace,+(91)-9152462694,3.7,,,
Tribecca Inn,+(91)-9909953660,3.8,,,
Shree Mahakali Guest House ..,+(91)-9152671212,4.2,,,
Hotel Safar Palace,+(91)-9152101043,3.9,,,
Hotel Anupam,+(91)-9152120109,3.7,,,
Dowlat Villas Palace,+(91)-9152376467,4.5,,,
Ebony Residency,+(91)-9152224385,4.3,,,
Hotel Signor Palace,+(91)-9152444904,5.0,,,
White Cloud Hotel,+(91)-9152213153,5.0,,,
Hotel Relax Inn,+(91)-9152198553,3.8,,,
Hotel Anupam,+(91)-9152120109,3.7,,,
Metropole Hotel,+(91)-9152158941,3.8,,,
Hotel One Up,+(91)-9152164139,4.1,,,
Hotel Runway Inn,+(91)-9152284518,3.4,,,
Furaat Inn,+(91)-079-26462001,4.0,,,
Hotel Neelkanth Palace,+(91)-9152171997,4.0,,,
Hotel Ashish,+(91)-9152734295,3.3,,,
Hotel One Up,+(91)-9152164139,4.1,,,
Hotel Mann Palace,+(91)-9152462694,3.7,,,
Shree Mahakali Guest House ..,+(91)-9152671212,4.2,,,
Hotel Ashray Inn,+(91)-9152134701,4.0,,,
Dowlat Villas Palace,+(91)-9152376467,4.5,,,
Hotel Campus,+(91)-9152159726,3.7,,,
Hotel Signor Palace,+(91)-9152444904,5.0,,,
Hotel Safar Palace,+(91)-9152101043,3.9,,,
White Cloud Hotel,+(91)-9152213153,5.0,,,
Maple Tree Service Apartmen..,+(91)-9152101667,4.1,,,
Cambay Sapphire,+(91)-9152297927,3.9,,,
Hotel Heritage,+(91)-9152106718,3.8,,,
Hotel Ashish,+(91)-9152734295,3.3,,,
Hotel Gold Leaf,+(91)-9898508763,5.0,,,
Hotel Neelkanth Palace,+(91)-9152171997,4.0,,,
Elis Hospitality Service,+(91)-9152161724,4.1,,,
Furaat Inn,+(91)-079-26462001,4.0,,,
Hotel Ashray Inn Express,+(91)-9152120944,3.8,,,
Moscow Hotel,+(91)-9152134518,3.6,,,
Hotel Ashram In,+(91)-9152581959,4.0,,,
Hotel The Grand Aryakul Gue..,+(91)-9662471759,3.9,,,
Hotel Balaji Guest House,+(91)-7043179189,4.8,,,
Pristine Residency,+(91)-079-22861177,4.1,,,
Hotel Apollo,+(91)-79-65206521,4.1,,,
Jai Radhe Hotel,+(91)-7433049042,4.0,,,
Hotel Radhe Group Tapovan C..,+(91)-079-29709282,3.9,,,
Hotel Asopalav,+(91)-9825258401,3.8,,,
Hotel Khyber Palace & Guest..,+(91)-79-26891795,3.9,,,
Bitty Krishna Hotels & Reso..,+(91)-9152966610,4.1,,,
Courtyard By Marriott,+(91)-079-66185000,4.4,,,
The Grand Bhagwati,+(91)-79-26841000,4.4,,,
Radisson Blu Hotel,+(91)-79-40501234,4.3,,,
Novotel Hotel,+(91)-079-40606060,4.4,,,
The Fern An Ecotel Hotel,+(91)-079-71001001,4.3,,,
The Pride Plaza Hotel,+(91)-79-30115555,4.2,,,
Hyatt Ahmedabad,+(91)-79-61601234,4.4,,,
Crowne Plaza Ahmedabad City..,+(91)-079-67779000,4.4,,,
Hyatt Regency,+(91)-079-40171234,4.4,,,
Fortune Landmark,+(91)-079-66824444,4.4,,,
Starottel (Weddingz.in Part..,+(91)-079-40268000,4.1,,,
Ramada Hotel,+(91)-079-40250000,4.2,,,
The Metropole Hotel (Weddin..,+(91)-079-41050200,4.2,,,
Cama Hotel,+(91)-79-66071700,4.2,,,
Four Points By Sheraton Ahm..,+(91)-079-49008888,4.3,,,
The Ummed Ahmedabad,+(91)-79-66661234,4.3,,,
Lemon Tree Premier The Atri..,+(91)-079-40805505,4.3,,,
Aloft Hotel,+(91)-79-66049499,4.3,,,
Regenta Central Antarim,+(91)-79-66004400,4.3,,,
Ginger Hotel,+(91)-79-66663333,4.0,,,
Rivera Sarovar Portico,+(91)-079-25601111,4.1,,,
Collection O 46812 Avalon S..,+(91)-9152827339,4.3,,,
Hotel Ashish,+(91)-79-25505015,4.0,,,
Cambay Grand,+(91)-7228011557,3.9,,,
OYO Townhouse 165 Netaji Ro..,+(91)-9152827339,4.6,,,
Fairfield By Marriott (Wedd..,+(91)-079-61656699,4.2,,,
Renaissance Ahmedabad Hotel,+(91)-079-40005000,4.4,,,
Country Inn Suites By Radis..,+(91)-79-44212222,4.0,,,
Grand O7 Suites & Conventio..,+(91)-2713-245703,4.3,,,
OYO Townhouse 030 Ashram Ro..,+(91)-9152827339,4.4,,,
Splash The Fun World,+(91)-9099073800,3.9,,,
Super In Armoise Hotel,+(91)-079-26407722,3.9,,,
Radhe Upavan Resort,+(91)-79-25842900,4.3,,,
Hotel Accolade,+(91)-79-26561016,4.2,,,
100 Acres Club,+(91)-8140288866,4.1,,,
Urbane The Hotel,+(91)-79-26446002,4.2,,,
Hotel Flora,+(91)-9925685786,4.1,,,
Comfort Inn Sunset (Wedding..,+(91)-079-22865700,4.1,,,
Collection O 17196 Metro In..,+(91)-9152827339,4.3,,,
Collection O 47553 Oriental..,+(91)-9152827339,4.4,,,
Collection O 46731 Bodakdev,+(91)-9152827339,4.7,,,
Collection O 17189 Hotel Ka..,+(91)-9152827339,4.4,,,
Tune By Mango Hotels,+(91)-79-40638863,3.9,,,
Collection O 23337 Ashram R..,+(91)-9152827339,4.1,,,
Avalon Hotel,+(91)-079-26880444,4.1,,,
Hotel Platinum Inn,+(91)-79-26642494,4.1,,,
OYO Townhouse 150 Shreyas C..,+(91)-9152827339,4.5,,,
Epsilon The Hotel,+(91)-079-26576500,4.1,,,
The House Of Mg,+(91)-79-25506946,4.4,,,
Le Grande Residency,+(91)-079-26427500,4.1,,,
Aarya Grand Hotels And Reso..,+(91)-079-27663212,4.0,,,
Hotel Kabir,+(91)-079-26850786,4.2,,,
Inder Residency,+(91)-79-26565222,4.1,,,
OYO Flagship 36844 Riverfro..,+(91)-9152827339,4.0,,,
Hotel Volga,+(91)-79-25509497,4.0,,,
Hotel Avn,+(91)-79-22203141,3.8,,,
The Hotel Silver Heights,+(91)-79-26449091,4.3,,,
Ginger Hotel,+(91)-79-61913333,3.5,,,
Comfort Inn President Hotel,+(91)-079-26467575,4.1,,,
Hotel Holiday Inn Express,+(91)-79-49004141,3.9,,,
Collection O 39594 Hotel He..,+(91)-9152827339,4.6,,,
The President A Boutique Ho..,+(91)-079-26562323,4.0,,,
Kanchan Palace Hotel,+(91)-79-25600978,3.6,,,
Rudra Royale Hotel,+(91)-79-40033855,4.1,,,
The Westend Hotel,+(91)-79-26466464,4.2,,,
Hotel Bait Inn,+(91)-079-26589066,4.0,,,
Hotel Page One,+(91)-079-40067603,4.2,,,
Hotel City Inn,+(91)-79-25503014,3.9,,,
Hotel Grand Elegance,+(91)-079-29700440,4.2,,,
Collection O 30006 Ambawadi,+(91)-9152827339,4.1,,,
Platinum Residency,+(91)-79-26937201,4.0,,,
Hotel Ritz Inn,+(91)-79-22133844,4.1,,,
Hotel Pragati The Grand,+(91)-79-29705440,4.1,,,
SilverKey Executive Stays 3..,+(91)-9152827339,4.6,,,
The Cloud Hotel,+(91)-79-61907000,4.1,,,
Hotel Suba Star,+(91)-79-66049777,4.0,,,
Collection O 321 Vastrapur ..,+(91)-9152827339,4.0,,,
Treatotel (Weddingz.in Part..,+(91)-079-40056437,4.0,,,
OYO Flagship 24072 Devarsh ..,+(91)-9152827339,4.4,,,
Hotel Riverview,+(91)-79-26584100,4.1,,,
Hotel Orchid (Capital O 374..,+(91)-9152827339,4.3,,,
OYO Townhouse 187 Ny Square..,+(91)-9152827339,4.4,,,
Hotel Kadamb Inn,+(91)-79-40070065,3.7,,,
Collection O 30025 Ambli-Bo..,+(91)-9152827339,4.2,,,
OYO Flagship 24008 Himalaya..,+(91)-9152827339,4.5,,,
SilverKey Executive Stays 4..,+(91)-9152827339,3.8,,,
Hotel Darshan,+(91)-079-65220022,3.9,,,
Gujarat Law Society,+(91)-79-26440532,4.4,,,
Whistling Meadows Resorts a..,+(91)-79-65436992,3.8,,,
Hotel Good Night,+(91)-79-25507181,4.2,,,
Binori Hotels (Weddingz.in ..,+(91)-079-68141414,4.2,,,
Scenaria Hotel,+(91)-079-26446440,4.2,,,
Capital O 15537 Dev Corpora..,+(91)-9152827339,4.2,,,
Harmony Holidays (shreenath..,+(91)-9099099845,4.2,,,
Hotel Royal Highness,+(91)-79-40233233,3.9,,,
Hotel Prime,+(91)-79-25352582,4.0,,,
Hotel The Grand Vinayak,+(91)-079-22902024,4.1,,,
Naeeka Hotel,+(91)-079-22884100,4.0,,,
Hotel Alka Inn,+(91)-79-25500830,4.1,,,
Hotel Kingston,+(91)-79-26852241,3.5,,,
Fortune Park Board Room,+(91)-79-40505050,4.4,,,
Hotel Nalanda,+(91)-79-26468899,4.1,,,
Hotel Sarvoday,+(91)-9737176166,3.6,,,
Hotel Eden,+(91)-79-26840120,4.0,,,
Shree Bhagyoday Hotel,+(91)-02717-284396,3.5,,,
Hotel Prince Palace,+(91)-79-25850016,3.6,,,
Hotel Unity,+(91)-79-27663136,4.0,,,
Hotel Royal Palace,+(91)-079-49422312,4.1,,,
Pinnacle Hotel,+(91)-9712619394,3.8,,,
Hotel Flair Inn,+(91)-79-26574028,4.0,,,
Hotel Shree Gopal Residency,+(91)-79-29700074,4.0,,,
Hotel Royal,+(91)-9016144368,3.7,,,
Hotel Kamran Palace,+(91)-79-25509586,3.6,,,
Hotel Radiant,+(91)-9152168807,4.0,,,
Hotel New Esquire,+(91)-9860534004,4.1,,,
Kalhaar Blues And Greens,+(91)-8347773454,4.5,,,
Hotel Rajtilak,+(91)-79-26580400,3.6,,,
Avkar Guest House,+(91)-79-25462506,3.0,,,
Hotel Rock Regency (OYO 112..,+(91)-9152827339,3.4,,,
Atithi The Hotels,+(91)-79-26403833,4.0,,,
De Ecobiz Hotel,+(91)-079-27543033,3.8,,,
Prithvi Hotels,+(91)-79-25471201,4.0,,,
Collection O 30092 Maan Res..,+(91)-9152827339,4.3,,,
Hotel Ratnadeep,+(91)-8511958116,3.8,,,
Pearl Of Heaven The Hotel (..,+(91)-9727754429,4.0,,,
Capital O 891 Hotel Kadamb ..,+(91)-9152827339,4.5,,,
Geetanjali Hotel,+(91)-9152102226,3.5,,,
Skylon Hotel,+(91)-79-26577881,4.1,,,
Collection O 46366 Sun N St..,+(91)-9152827339,4.3,,,
Host Inn Hotel,+(91)-9152158779,4.0,,,
Welcomheritage Mani Mansion,+(91)-079-26577404,4.2,,,
The Park Residency Hotel,+(91)-79-26850784,3.9,,,
Centra Hotel,+(91)-79-25500272,4.0,,,
Rajshree Hotel,+(91)-079-25452666,3.2,,,
Capital O 48482 Hotel Tribe..,+(91)-9152827339,4.1,,,
Hotel Golden Plaza (OYO 235..,+(91)-9953350145,3.9,,,
Silver Springs Hotel,+(91)-79-25323587,3.7,,,
Hotel Corporate Residency,+(91)-79-30421100,3.7,,,
Hotel Kingston,+(91)-79-26852240,4.1,,,
Hotel Mony,+(91)-79-25732761,3.5,,,
Hotel Neelkanth Bliss,+(91)-9099027807,4.1,,,
Hotel Maan Residency,+(91)-79-26768451,3.7,,,
Nalsafari Resort,+(91)-9825039863,3.6,,,
Hotel Rudra Regency,+(91)-79-66610055,3.6,,,
Hotel Maple Inn,+(91)-79-26585545,3.8,,,
Atithi Gokul Club And Hotel..,+(91)-079-27665551,4.1,,,
Platinum Inn Hotel,+(91)-9909006200,4.2,,,
OYO 5054 Sun-N-Step Club,+(91)-9152827339,3.7,,,
Hotel Ahmedabad Inn,+(91)-79-25359941,3.8,,,
Hotel Kyra (OYO 8992),+(91)-9152827339,3.5,,,
Hotel Madhav,+(91)-079-40054287,4.0,,,
Hotel The Royal Plaza,+(91)-079-794070,3.7,,,
OYO Flagship 39798 Hotel Sw..,+(91)-9152827339,3.8,,,
Hotel Neelkanth Bliss Delux..,+(91)-9152827339,4.3,,,
Hotel Dev Aadi (Weddingz.in..,+(91)-079-26568466,3.8,,,
Hotel Kells & Restaurant Pv..,+(91)-079-26852410,3.9,,,
A 1 Siddhartha Palace Hotel,+(91)-79-22868468,3.5,,,
Hotel Jasmine (OYO 2265),+(91)-9152827339,3.2,,,
Hotel Park Sangam (OYO 6684..,+(91)-9152827339,3.7,,,
Hotel Kalash Residency,+(91)-079-40373632,3.6,,,
Marshall Hotels Pvt Ltd,+(91)-079-22110602,4.0,,,
Marshall The Grand Hotel (O..,+(91)-9152827339,3.9,,,
Shree Akshar Hotel,+(91)-079-22685008,4.0,,,
Hotel Sagar Inn,+(91)-79-22164712,3.6,,,
Hotel Sahaj Palace,+(91)-79-26575961,4.0,,,
Divans Bunglow,+(91)-79-25355428,4.1,,,
Hotel Barcelona Exotica,+(91)-79-65402099,4.1,,,
Hotel Raviraj,+(91)-2715-231888,4.0,,,
Hotel Kalinga Lake View,+(91)-79-25464799,3.7,,,
Raviraj Hotel And Guest Hou..,+(91)-9979292236,4.0,,,
New Hotel Sagar Inn,+(91)-79-22164726,3.7,,,
Sn Blu Hotel,+(91)-79-26858366,4.2,,,
SilverKey Executive Stays 4..,+(91)-9152827339,4.3,,,
Hotel R J Residency,+(91)-79-22863535,3.3,,,
Hotel Soham Palace,+(91)-79-22818600,3.9,,,
Hotel Royal Landmark,+(91)-079-25351144,4.0,,,
Hotel Kohinoor Plaza,+(91)-079-27562783,3.5,,,
Hotel Bridge (OYO 2286),+(91)-9152827339,3.2,,,
Tribecca Select,+(91)-079-61570100,4.3,,,
Krios Hotel,+(91)-7874211144,4.1,,,
Unnati Hotel,+(91)-79-22120742,3.9,,,
Hotel Vibrant Regency (OYO ..,+(91)-9152827339,3.5,,,
Hotel Lake Palace,+(91)-079-48902296,3.9,,,
Hotel Shertown,+(91)-79-22148282,3.6,,,
Hotel Oasis,+(91)-79-26440007,4.1,,,
Hotel Skyland,+(91)-9825019941,3.7,,,
Capital O 48826 The Grand S..,+(91)-9152827339,4.6,,,
Hotel Amber (OYO 10501),+(91)-9152827339,3.4,,,
Hotel Grand Ambience,+(91)-79-25503200,4.1,,,
The Grand Eden Hotel,+(91)-79-26841612,3.7,,,
Vibrant Residency (OYO 2178..,+(91)-9152827339,3.7,,,
Hotel Seven (OYO 893),+(91)-9152827339,3.5,,,
Hotel Mangalam,+(91)-79-26576042,3.3,,,
Parker Lords Eco Inn,+(91)-79-26306961,3.7,,,
French Haveli,+(91)-79-22170629,4.4,,,
Pam Inn Regency,+(91)-9898379938,4.2,,,
Hotel Dudawat (OYO 10044),+(91)-9152827339,3.4,,,
Hotel Regenta Inn,+(91)-079-27533000,4.1,,,
Hotel 440,+(91)-079-26588440,4.2,,,
Hotel Satellite Inn,+(91)-79-40029599,3.8,,,
Hotel Crystal (OYO 711),+(91)-9152827339,3.2,,,
Hotel Palliate,+(91)-79-26577100,4.0,,,
Hotel The Lotus Park,+(91)-079-26579440,4.2,,,
Hotel Shreeji Palace (SPOT ..,+(91)-9152827339,4.1,,,
LA 365 RESIDENCY,+(91)-79-26464424,3.5,,,
Sadbhav Hotel,+(91)-079-25622871,3.4,,,
Hotel Maruti,+(91)-79-26589871,4.0,,,
Summit Hotel,+(91)-079-26565577,4.1,,,
Hotel Rezaas,+(91)-079-26447701,4.2,,,
Hotel Crystal Inn Deluxe (O..,+(91)-9152827339,3.8,,,
Hotel Saffron,+(91)-02717-250786,3.8,,,
Treebo Paradise,+(91)-9322800100,3.9,,,
Capital O 43011 Blue Bell D..,+(91)-9953350145,4.5,,,
Hotel Sanmati,+(91)-79-22136222,4.0,,,
Radhika Palace Hotel,+(91)-079-27557210,2.6,,,
Hotel Shyam Palace,+(91)-9662153919,3.7,,,
OYO 2346 Dreamland,+(91)-9152827339,3.9,,,
Hotel New Janpath  Guest Ho..,+(91)-9558957555,4.0,,,
Hotel Sarvottam And Guest H..,+(91)-2717-250401,3.7,,,
Hotel Sunsarovar,+(91)-079-22745770,3.8,,,
Drh Regency,+(91)-79-27682777,3.9,,,
Balwas Hotel,+(91)-79-25507135,4.0,,,
Hotel Galaxy (OYO 10265),+(91)-9152827339,3.7,,,
Hotel Jaunt Safari,+(91)-79-27702099,3.4,,,
Capital O 978 Marshall The ..,+(91)-9152827339,4.0,,,
Apex Hotel,+(91)-79-26577278,3.9,,,
Le Tokyo Hotel,+(91)-9811687155,3.9,,,
Hotel Apollo (OYO 9805),+(91)-9152827339,4.1,,,
Hotel Konark Palace,+(91)-79-26841389,3.5,,,
Hotel Shreenath,+(91)-079-25462646,4.3,,,
Hotel Keshav (OYO 1288),+(91)-9953350145,3.4,,,
Hotel Mayur Park Residency ..,+(91)-9953350145,3.5,,,
Hotel Shivarth (Capital O 1..,+(91)-9152827339,4.5,,,
Hotel Airport Inn,+(91)-7600312299,3.3,,,
Shreenath (OYO 15509),+(91)-9152827339,3.8,,,
Sadbhav Hotel (OYO 3788),+(91)-9152827339,3.5,,,
Hotel Classic inn (OYO 229),+(91)-9152827339,3.9,,,
Hotel Classic Inn,+(91)-079-26561244,3.8,,,
Hotel Shailly Inn (OYO 4161..,+(91)-9152827339,3.6,,,
Hotel Park Sangam,+(91)-9879001966,3.5,,,
Hotel Sargam Palace,+(91)-79-26577090,3.8,,,
Hotel Gopi Palace,+(91)-9727260042,3.9,,,
Hotel Apple In,+(91)-079-26585043,3.4,,,
Safar Inn Hotel,+(91)-79-25503006,3.3,,,
Hotel Turab Inn,+(91)-079-22172332,3.5,,,
Hotel Palm Residency,+(91)-7801815111,3.8,,,
SPOT ON 46271 Hotel Ramvill..,+(91)-9953350145,4.0,,,
Laxmi Palace Saver (OYO 142..,+(91)-9152827339,4.2,,,
Fab Hotel,+(91)-7042424242,3.9,,,
Neelkanth Group Of Hotels,+(91)-79-26574384,3.9,,,
Hotel Royal Apple,+(91)-079-22831121,3.9,,,
Hotel Orange Inn (Weddingz...,+(91)-079-26890975,3.6,,,
Hotel Marvel Inn (OYO 16826..,+(91)-9152827339,2.7,,,
Hotel Crystal Inn,+(91)-079-26574501,3.6,,,
Hotel Royal Stay,+(91)-079-40192211,3.1,,,
Hotel Mukund Inn,+(91)-79-26936041,3.7,,,
OYO 13535 Aakash Deluxe,+(91)-9152827339,3.4,,,
Hotel Navjivan,+(91)-8460889145,3.9,,,
Hotel Dev Corporate,+(91)-79-26407040,4.2,,,
Hotel Chicago,+(91)-79-26578126,3.8,,,
Shiv Ganga Hotel,+(91)-79-22144151,3.8,,,
Damjis Hotel,+(91)-79-27546012,3.1,,,
Magic Palace Hotel,+(91)-079-40077043,3.6,,,
Hotel Sunstay,+(91)-79-26449934,3.8,,,
Hotel Meher Inn,+(91)-9825012342,3.3,,,
Hotel Royal Pride,+(91)-79-25892031,3.8,,,
Kozar Hotel,+(91)-79-25510555,3.1,,,
Hotel Silver Plaza,+(91)-079-26584031,3.7,,,
Ratna Palace (OYO 15378),+(91)-9152827339,3.7,,,
The Silver Leaf Hotel,+(91)-079-26870111,3.7,,,
Vraj Hotels Rajpipla,+(91)-8488864095,3.6,,,
Hotel Neelkanth Residency (..,+(91)-9152827339,3.4,,,
Hotel Ajanta,+(91)-79-25506992,3.4,,,
Poonam Palace Hotel,+(91)-079-40381231,3.5,,,
Hotel Mayur Park,+(91)-79-6201530,3.5,,,
Hotel Serena,+(91)-79-25510136,2.9,,,
Red Rose Saver (OYO 15417),+(91)-9152827339,3.8,,,
Gitanjali Hotel,+(91)-79-32206253,2.8,,,
Manila Hotel,+(91)-79-22125895,3.5,,,
Tirupati Hotel,+(91)-079-65121227,3.9,,,
Golden Plaza Hotel,+(91)-79-26575051,4.0,,,
Hotel Toran,+(91)-079-27559342,4.0,,,
Hotel Om Balaji (OYO 10962),+(91)-9152827339,3.8,,,
Hotel Neelkanth Residency,+(91)-079-27701277,3.5,,,
Hotel Shiv Ganga (OYO 15981..,+(91)-9953350145,3.7,,,
Raj Palace Hotel,+(91)-79-22122222,3.5,,,
Hotel Malwa Residency,+(91)-79-25324005,3.8,,,
Hotel Midtown,+(91)-79-22113932,3.8,,,
Hotel New Balaji,+(91)-79-65455770,3.6,,,
Hotel Avion Inn,+(91)-079-40098888,3.6,,,
Sun N Step Club (Weddingz.i..,+(91)-079-27475933,3.9,,,
Hotel Signature,+(91)-79-66054122,3.8,,,
Hotel Radhey Inn,+(91)-79-25841122,3.7,,,
Hotel Global Inn,+(91)-79-29705505,3.7,,,
Hotel Gokul,+(91)-79-27550999,3.7,,,
Hotel Vice President (Weddi..,+(91)-079-26575005,3.7,,,
Treebo Trend Brooks Regal,+(91)-79-26306961,3.7,,,
Keyur Hotel,+(91)-079-22884448,3.6,,,
The Metro Park Hotel,+(91)-79-27557555,3.4,,,
D Veeray Hotel,+(91)-079-40092048,3.5,,,
Excel Hotel,+(91)-079-22146433,3.8,,,
Hotel Santro,+(91)-79-22831010,3.6,,,
Hotel C G Plaza,+(91)-79-65200131,3.7,,,
Hotel Shanti Sadan,+(91)-079-26575674,4.2,,,
Swagat Hotel,+(91)-79-22808250,4.0,,,
Hotel Progressive Inn (OYO ..,+(91)-9152827339,3.6,,,
Hotel Sree Balaji Residency..,+(91)-9152827339,3.8,,,
Hotel Royal Inn,+(91)-79-30172350,3.6,,,
Hotel Progressive Inn,+(91)-8999181111,3.6,,,
Hotel Rock Regency (Wedding..,+(91)-079-40002600,3.8,,,
Hotel Seema Palace And Gues..,+(91)-9974686394,4.1,,,
Jai Hindwa Hotel,+(91)-8910494286,3.4,,,
SPOT ON 48857 Hotel  Neelka..,+(91)-9152827339,3.9,,,
Hotel Bridge,+(91)-079-26577752,3.5,,,
Fabhotel,+(91)-7042424242,3.8,,,
Hotel Furaat Inn (OYO 4701),+(91)-9152827339,4.0,,,
Hotel Kyra,+(91)-79-22861916,3.8,,,
Hotel Apollo,+(91)-8511151566,3.3,,,
Hotel Apollo (OYO 6752),+(91)-9152827339,3.5,,,
Hotel Mukund (OYO 2252),+(91)-9152827339,3.0,,,
King Palace Hotel,+(91)-079-32443262,4.4,,,
3 by OYO - Nami Residency,+(91)-9152827339,4.1,,,
Vrundavan Hotel,+(91)-9737007004,3.5,,,
Hotel Galaxy,+(91)-7490035127,3.5,,,
Suramya Abode Resort,+(91)-9879676196,4.2,,,
Hotel Santro (OYO 11491),+(91)-9152827339,3.5,,,
Hotel Sri Balaji Residency,+(91)-079-26851533,3.5,,,
Hotel Maharaja,+(91)-79-25471701,3.3,,,
Hotel Avadh Inn (Weddingz.i..,+(91)-079-26609944,4.1,,,
Ganesh Banquet Dining And H..,+(91)-9586866000,4.2,,,
Red Apple (OYO 13998),+(91)-9152827339,3.8,,,
Laljis Hotel (OYO 2466),+(91)-9152827339,3.7,,,
Celestia The Hotel,+(91)-079-26463233,3.6,,,
Suvidha Hotel,+(91)-79-22135820,3.3,,,
Hotel Malhar INN (OYO 949),+(91)-9152827339,3.8,,,
Hotel Sigma Inn,+(91)-79-23299293,3.8,,,
Hotel Adishwar Gold,+(91)-9714472449,3.8,,,
Hotel Swagatam (OYO 8758),+(91)-9152827339,3.3,,,
Blue Diamond Hotel,+(91)-79-26460505,3.6,,,
Kanak Hotel (Weddingz.in Pa..,+(91)-079-26468822,3.9,,,
Jasraj Hotel,+(91)-79-25628970,3.3,,,
Hotel Paradise,+(91)-079-26400085,3.7,,,
Hotel Khushboo (OYO 11985),+(91)-9152827339,4.1,,,
Hotel Almond Inn,+(91)-79-26891757,3.3,,,
Shiv Sagar Palace (OYO 1303..,+(91)-9152827339,3.9,,,
Dudawat Hotel,+(91)-79-40072000,3.6,,,
Hotel Angel Plaza (OYO 8376..,+(91)-9152827339,3.3,,,
Hotel Skyhigh (OYO 17098),+(91)-9152827339,3.0,,,
Hotel Shobhna Palace,+(91)-9152849383,4.1,,,
Parth Palace Guest House,+(91)-079-48901493,4.0,,,
Hotel Sunway,+(91)-7435941414,3.9,,,
Hotel Rolex (OYO 22403),+(91)-9152827339,3.8,,,
Sunrise Hotel,+(91)-79-22177510,3.7,,,
Hotel Yellow Lime,+(91)-79-26891161,3.9,,,
Hotel Bhagyoday,+(91)-9727758440,3.8,,,
Parth Residency Hotel,+(91)-79-27553901,3.8,,,
Hotel Meghdeep,+(91)-79-30928138,3.6,,,
SPOT ON 65660 Hotel Metro I..,+(91)-9953350145,3.9,,,
Hotel Shailly Inn,+(91)-79-40029400,3.5,,,
Hotel Silver Palace (OYO 19..,+(91)-9152827339,3.7,,,
Hotel Mansarovar,+(91)-9979610471,4.1,,,
Hotel Shiv Kunj Exotica (OY..,+(91)-9152827339,3.9,,,
Hotel Canada Palace & Banqu..,+(91)-9265921832,3.6,,,
Hotel Sarvagya (OYO 12229),+(91)-9953350145,3.2,,,
Hotel Meet Palace (OYO 9238..,+(91)-9152827339,3.8,,,
Hotel Red Rose,+(91)-7227857166,3.9,,,
Hotel Aakash,+(91)-79-26462813,3.7,,,
Hotel Blue Moon,+(91)-7202000839,3.4,,,
Hotel Neelkanth Inn,+(91)-79-26574384,3.6,,,
Hotel Everest SPOT (SPOT ON..,+(91)-9152827339,3.9,,,
Hotel Shekhawat Palace (OYO..,+(91)-9152827339,3.4,,,
Royal Park Hotel,+(91)-79-65222002,3.8,,,
Savvy Swaraaj Sports City,+(91)-8980099966,4.3,,,
Laxmi Vijay Hotel,+(91)-9924599595,3.8,,,
Hotel Shri Krishna Palace,+(91)-79-26852385,3.9,,,
Metro Park Hotel  (OYO 4497..,+(91)-9152827339,4.5,,,
Hotel Krishna Palace,+(91)-079-22841170,3.7,,,
Hotel Klassic Gold,+(91)-79-26445594,3.8,,,
Hotel Royal Blue,+(91)-8460048428,3.7,,,
Malhaar & Kritika Group Of ..,+(91)-7575013400,3.6,,,
Hotel Stay Inn,+(91)-2717-297129,3.6,,,
Pragati Hotel,+(91)-9909431786,3.8,,,
Hotel Anjani Inn,+(91)-079-22931565,3.7,,,
Hotel Citizen Inn,+(91)-9054501000,3.5,,,
Hotel Dev Palace  (OYO 4671..,+(91)-9152827339,3.3,,,
Hotel Seven,+(91)-79-27556267,3.7,,,
Kingsway Hotel,+(91)-079-25501215,3.5,,,
Hotel Kum Kum (SPOT ON 2784..,+(91)-9152827339,3.7,,,
Hotel Rahil,+(91)-9898976407,2.8,,,
Hotel Kumkum (Shukan Mall),+(91)-079-27700360,3.7,,,
Hotel Ellis,+(91)-79-26575754,3.6,,,
Alpha Hotel,+(91)-79-26576665,3.7,,,
Hotel Shree Sai Palace,+(91)-2715-65422978,3.5,,,
Purohit Palace (SPOT ON 293..,+(91)-9152827339,4.0,,,
Hotel Supreme,+(91)-079-48989900,3.6,,,
OYO 69353 Hotel Madhav Vill..,+(91)-9953350145,3.7,,,
Hotel Acropole Inn Deluxe (..,+(91)-9152827339,4.2,,,
Hotel Jay Balaji,+(91)-079-25732244,3.6,,,
Jaunt Safari (OYO 5835),+(91)-9152827339,3.3,,,
Hotel Chandra Palace,+(91)-9601473204,3.6,,,
Hotel Chirag Palace,+(91)-79-22112441,3.3,,,
Hotel Sunrise (OYO 5476),+(91)-9152827339,3.7,,,
SPOT ON 49752 Hotel Super G..,+(91)-9953350145,3.0,,,
Neelkanth Panshikura Hotel,+(91)-079-26578294,3.6,,,
Itc Narmada,+(91)-8347244534,4.3,,,
Hotel silvera grand,+(91)-7227910704,4.3,,,
Hotel Crown (OYO 2308),+(91)-9152827339,4.1,,,
Maninagar Residency Saver (..,+(91)-9152827339,3.7,,,
Hotel Kings Residency,+(91)-7874203030,3.7,,,
Hotel Anmol Palace (OYO 232..,+(91)-9152827339,3.7,,,
Hotel Sarovar,+(91)-9558206472,3.6,,,
Hotel Silver Palace,+(91)-079-30423699,3.0,,,
Oriental Residency,+(91)-9727762463,4.1,,,
Kabir Residency,+(91)-79-22868811,3.4,,,
Dev Palace (OYO 35508),+(91)-9152827339,3.7,,,
Hotel Tirth Palace,+(91)-9724240702,3.5,,,
Hotel Kanak Comfort,+(91)-79-27560722,3.5,,,
Hotel Crystal,+(91)-079-40048288,3.4,,,
Hotel Anjani Palace (OYO 25..,+(91)-9152827339,3.0,,,
Hotel Ambience Inn,+(91)-79-48988883,3.7,,,
Hotel Royal Night,+(91)-79-27561831,4.1,,,
Hotel Shreeji Palace,+(91)-9687332029,3.3,,,
Hotel Om Palace,+(91)-9033611666,4.0,,,
Hotel Swell Saver (OYO 1725..,+(91)-9152827339,3.3,,,
Hotel Shree Palace,+(91)-9033904472,3.8,,,
OYO 11399 Hotel Landmark,+(91)-9152827339,3.9,,,
Hotel Swastik Inn (OYO 1106..,+(91)-9152827339,3.6,,,
OYO 35659 Hotel Kingsway,+(91)-9953350145,3.9,,,
Peace Hotel,+(91)-79-25393771,3.8,,,
