Grand Rio Restaurant & Banq..,+(91)-9152919460,4.3,,"1st & 2nd Floor, Shlok Infinity,, Chandlodiya Road, Gota Road, Ahmedabad - 382481, Opposite Vishwakarma Temple",
The Grand Thakar,+(91)-9152405634,4.5,,"2nd Floor,Madhav Orchid,, Odhav Vastral Road, Sp Ring Road, Odhav GIDC, Ahmedabad - 382415, Opposite,Grand Vishala Estate",
Hot PanS,+(91)-9152673759,3.0,,"1st Floor, Kundalini Complex, Vastrapur, Ahmedabad - 380015, Above Honest Restaurant, Opposite Vastrapur Lake",
Moti Mahal Hotel,+(91)-9152663262,4.0,,"SG Road, Makarba, Ahmedabad - 380051, Near Adani CNG Pump",
Global spice restaurant,+(91)-9152758835,4.2,,"16/B,1st Floor ,Satyadev, Opposite high court, Sarkhej Gandhinagar Highway, Ahmedabad - 380055, Near happy home furniture",
Olives Restaurant,+(91)-9152447939,4.0,,"Pakvan Bopal Road, Bodakdev, Ahmedabad - 380054, Near Sindhu Bhavan",
Shree Panchamthal,+(91)-79-48969955,4.2,,"First Floor, Empire Business Hub, Nr.Auda Water Tank, Sola, Ahmedabad - 380060, Science City Road",
Udaan Restaurant & Cafe,+(91)-9152898138,3.0,,"207, 2nd Floor, Silver Radiance, Sindhu Bhavan Road, Bodakdev, Ahmedabad - 380054, Near Pakwan Cross Roads",
Swaad Sadan,+(91)-079-48959911,4.2,,"103 , Sumel Complex, Sarkhej  Gandhinagar Highway, Thaltej, Ahmedabad - 380054",
Barbeque World,+(91)-9152666938,4.2,,"104, 1st Floor, Sigma Ceejay, IIM Road, Panjrapole Cross Road, Panjrapole, Ahmedabad - 380015, Above Nissan Showroom",
Down Town Cafe & Snooker,+(91)-9152461161,4.6,,"Basement, Heritage Plaza, Gurukul Road, Ahmedabad - 380052, Opposite Swaminarayan Mandir, Next to Mobile Square",
Triangle Restaurant & Banqu..,+(91)-7201087749,3.7,,"103 Atishay Prism, Visat Gandhinagar Highway., Chandkheda, Ahmedabad - 382424, Near Tapovan Circle",
The Calorie Kitchen,+(91)-9152265576,5.0,,"GF/10 Time Square Arcade, Thaltej-Sindhu Bhavan Road, Thaltej, Ahmedabad - 380059, Near,Ravija Plaza, Opposite Rambaug",
Hi Foodie,+(91)-9152697625,5.0,,"A 56, Amprapali Shopping Mall, D Mart, Bopal, Sardar Patel Ring Road, Bopal, Bopal, Ahmedabad - 380058",
Shree Jaymal Fatta Restaura..,+(91)-9152387613,4.1,,"Shop No 1 Aditya Plaza, Jodhpur Gam Road, Satellite, Ahmedabad - 380015, Opposite Swami Vivekanand Nagar Society,",
Food Junction,+(91)-9152418750,4.0,,"B/12,13 ,Krishna Heights Ground Floor, Godrej Garden City Road, Jagatpur, Ahmedabad - 382470, Never.ganesh Genises",
Shivabhai Dhosawala,+(91)-9998122008,4.2,,"15, LBS Market, Paldi, Ahmedabad - 380007, Near NID, Behind Divan Ballubhai School",
Ph Se Food,+(91)-7347839561,4.3,,"205-206, 2nd Floor, Silver Radiance, Sindhu Bhavan Road, Near Pakwan Char Rasta, Bodakdev, Ahmedabad - 380054, Near Shilp Aaron Complex",
Hotel Rajpath,+(91)-79-26860780,4.3,,"Hotel Rajpath Restaurant & Cafe, Sarkhej Gandhinagar Highway, Satellite, Ahmedabad - 380015, Opposite Iscon Mega Mall and Rajpath Club",
Roti & Spoon Multi Cuisine ..,+(91)-9152347521,3.6,,"103, 1st Floor, Sigma Ceejay Legacy, Panjarapol Cross Road, Panjrapole, Ahmedabad - 380015, Above Dangee Dumms",
Shivam Snacks,+(91)-9152472194,3.9,,"1/2, Ground Floor, Anveshan Raw House, Bopal Ghuma Road, Bopal, Ahmedabad - 380058, Near Tejash School , Big Daddy Char Rasta ,",
Gwalia Vanakkam Authentic S..,+(91)-7600348787,4.0,,"Shop No -109,First Floor, Venus Atlantis, Corporate Road, Prahladnagar, Ahmedabad - 380015, Next to Shell Petrol Pump",
Vaibhav Restaurant,+(91)-9152154630,4.2,,"Panjarapole Cross Roads, Ambawadi, Ahmedabad - 380006, Near Polytechnic College",
R K Restaurant,+(91)-79-27414200,4.3,,"Raj Tower, Sattadhar Cross Road, Sola Road, Ahmedabad - 380061, Opposite Swaminarayan Temple",
Jassi De Parathe,+(91)-9898607129,4.4,,"9, Shreya Residency, Odhav Vastral Ring Road, Odhav Gam, Ahmedabad - 382415, Near S P Ring Road Circle",
The Jungle Bhookh,+(91)-9152498769,4.2,,"103/B, Wall Street 1, Ellis Bridge, Ahmedabad - 380006, Opposite Orient Club, Near Gujarat College",
Down Town Cafe & Snooker,+(91)-9152461161,4.6,,"Basement, Heritage Plaza, Gurukul Road, Ahmedabad - 380052, Opposite Swaminarayan Mandir, Next to Mobile Square",
Hi Foodie,+(91)-9152697625,5.0,,"A 56, Amprapali Shopping Mall, D Mart, Bopal, Sardar Patel Ring Road, Bopal, Bopal, Ahmedabad - 380058",
Food Junction,+(91)-9152418750,4.0,,"B/12,13 ,Krishna Heights Ground Floor, Godrej Garden City Road, Jagatpur, Ahmedabad - 382470, Never.ganesh Genises",
Triangle Restaurant & Banqu..,+(91)-7201087749,3.7,,"103 Atishay Prism, Visat Gandhinagar Highway., Chandkheda, Ahmedabad - 382424, Near Tapovan Circle",
Kinjal Restaurant & Dining ..,+(91)-9152101610,3.9,,"Near Civil Hospital Gate No 4, Asarwa, Ahmedabad - 380016, Opposite New Civil Kidney Hospital",
Udaan Restaurant & Cafe,+(91)-9152898138,3.0,,"207, 2nd Floor, Silver Radiance, Sindhu Bhavan Road, Bodakdev, Ahmedabad - 380054, Near Pakwan Cross Roads",
Saffron Restaurant,+(91)-9152546664,3.9,,"Vageshwari Complex, Tajpur Cross Road,Sarkhej Bavla Highway, Changodar, Sanand - 382213, Near Divyadham Temple, Beside Hotel Saffron",
Cafe De Italiano,+(91)-9328078019,4.2,,"Shop Number-3, Arista Business Hub,, Sindhu Bhavan Road,, Bodakdev, Ahmedabad - 380054, Opposite Stellar Complex,",
Avkar Dining Hall,+(91)-9152107840,2.3,,"101, Sigma Ceejay Legacy, IIM Road, Panjrapole Cross Road, Panjrapole, Ahmedabad - 380015, Above Hyundai Show Room",
Ajay Multi Cuisine Restaura..,+(91)-9152170121,4.0,,"3 Swarnim Business Hub, Swarnim Business Hub, Tapovan Circle, Motera, Ahmedabad - 380005, Near McDonald",
Hotel Moti Mahal,+(91)-9152158579,4.2,,"Kapasiya Bazar, Kalupur, Ahmedabad - 380002, Near Railway Station",
Chennai Express,+(91)-9152724663,4.2,,"7, Twinkle Complex, 100 Feet Ring Road, Satellite, Ahmedabad - 380015, Near Dhananjay Tower",
Khana Parcel,+(91)-9152583499,3.8,,"G-10 Sahajanand Plaza, Paldi, Ahmedabad - 380007, Bhatta",
Gamysticafe,+(91)-9275377941,4.3,,"Shop Number-5, Aeon Complex, Vijay Cross Road, Navrangpura, Ahmedabad - 380009",
9 Eleven Multicuisine Resta..,+(91)-9727557176,3.9,,"Shop No. 118 to 124, Siddhi Vinayak Business Hub, Ghewar Circle Road, Shahibaug, Ahmedabad - 380004, Opposite Ghewar Complex",
Deeptis Delicious Homely Fo..,+(91)-9099933723,4.3,,"Flat No. 9, 2nd Floor, Rajkrupa Flats, Mithakhali Six Road, Navrangpura, Ahmedabad - 380009, Opposite Passport Office, Besides Al Dorado Hotel",
Radhikas Authentic South In..,+(91)-9152443213,4.0,,"First Floor,Amrapali Axiom, Bopal S P Ring Road, Bopal, Ahmedabad - 380058, Nr Bopal Circle",
Real Taste Restaurant,+(91)-9898719488,4.1,,"A 1-2, Dharmvatika, Mahemdabad Road, Hathijan, Ahmedabad - 382445, Near Hathijan Ring Road Circle, Opposite Baleshwar City",
Comfy The Restaurant And Ba..,+(91)-9152459633,4.2,,"First Floor, Radhe Kishan Arcade, Ghodasar, Ahmedabad - 380050, Opposite Ghodasar Brts Bus Stop, Above Dominoz Pizza",
Southern India,+(91)-9152157552,4.0,,"Shop No 8, Ground Floor, JBR Arcade, Science City Road, Sola, Ahmedabad - 380060, Opposite Satyam Complex",
Roti & Spoon Multi Cuisine ..,+(91)-9152347521,3.6,,"103, 1st Floor, Sigma Ceejay Legacy, Panjarapol Cross Road, Panjrapole, Ahmedabad - 380015, Above Dangee Dumms",
The Calorie Kitchen,+(91)-9152265576,5.0,,"GF/10 Time Square Arcade, Thaltej-Sindhu Bhavan Road, Thaltej, Ahmedabad - 380059, Near,Ravija Plaza, Opposite Rambaug",
Taste City Restaurant and B..,+(91)-9152241661,4.4,,"1st Floor, Parishram Elegant, Sola to Science City Road, Sola, Ahmedabad - 380060, Near Sola Over Bridge, Behind Hcg Cancer Hospital",
Neelams Lutf Restaurant,+(91)-9152837139,4.2,,"Navrangpura, Ahmedabad - 380009, Near Dada Saheb Pagla  Opposite University Boy Hostel",
Mangal Murti Garden Restaur..,+(91)-9152374484,4.1,,"Mangal Murti Dhaba, Vishat- Koba Highway, Chandkheda, Ahmedabad - 382424, Nr Tapovan Circle , Opp Jain Merudham Mandir, Amiyapur",
Vishals Roothraj Dosa Centr..,+(91)-79-26404666,4.1,,"1/A, Princess Lane Building, 85, Swastik Society, Swastik Cross Road, Navrangpura, Ahmedabad - 380009, Behind City Center, Opposite Domino's Pizza",
Balan Dosa,+(91)-9152496737,4.1,,"Ratri Bazaar, Manek Chowk, Ahmedabad - 380001, Tilak Maidan Manek Chowk",
Puffizza,+(91)-9152121098,4.4,,"103, First Floor, Kairos, Drive In Road, Gurukul, Ahmedabad - 380052, Near Manav Mandir, Opposite Mahatma Gandhi Labour Institute",
Gunjan Garden Restaurant,+(91)-9152568385,4.2,,"Nikol Naroda Road, Nikol Gam, Ahmedabad - 382350, Opp,Malbar Royal,Raspan Circle Road,Bhakti Circle",
Rajkamal Restaurant & Banqu..,+(91)-9152122944,4.1,,"106, 1st Floor, Rajnigandha Tower, Camp Road, Shahibaug, Ahmedabad - 380004, Near Rajasthan Hospital",
Yanki Sizzlers,+(91)-9152119729,4.4,,"H L College Road, Commerce Six Roads, C G Road, Ahmedabad - 380009, Opposite Naran Park Society",
Bengaliana,+(91)-9152129568,3.2,,"Shop No 10, Sun South Park, South Bopal, Ahmedabad - 380058, Near Gala Glory",
Atithi Dining And Banquet,+(91)-9152844294,4.9,,"206,Angel Arcade 2nd Floor, Viratnagar Ring Road, Viratnagar, Ahmedabad - 382350, Opp, Palm Hotel",
Jalpaan Restaurant,+(91)-9152273494,3.9,,"6, Ground Floor, Dev Aurum, Prahladnagar, Ahmedabad - 380015, Near Anandnagar Cross Road",
Surbhi Restaurant,+(91)-9152370254,4.1,,"2nd Floor Shiromani Complex, CTM, Ahmedabad - 380026, Opposite Baroda Express Highway",
Jassi De Parathe,+(91)-9898607129,4.4,,"9, Shreya Residency, Odhav Vastral Ring Road, Odhav Gam, Ahmedabad - 382415, Near S P Ring Road Circle",
Shree Panchamthal,+(91)-79-48969955,4.2,,"First Floor, Empire Business Hub, Nr.Auda Water Tank, Sola, Ahmedabad - 380060, Science City Road",
Radhikas Authentic South In..,+(91)-9152443213,4.0,,"First Floor,Amrapali Axiom, Bopal S P Ring Road, Bopal, Ahmedabad - 380058, Nr Bopal Circle",
Neelams Lutf Restaurant,+(91)-9152837139,4.2,,"Navrangpura, Ahmedabad - 380009, Near Dada Saheb Pagla  Opposite University Boy Hostel",
Season 9 Restaurant Banquet,+(91)-9152515336,4.1,,"103, Shivalik Yash 1st Floor, Pallav Cross Road, Naranpura Vistar, Ahmedabad - 380013, Opposite Shastrinagar Brts Bus Stop",
Hot PanS,+(91)-9152673759,3.0,,"1st Floor, Kundalini Complex, Vastrapur, Ahmedabad - 380015, Above Honest Restaurant, Opposite Vastrapur Lake",
Vaibhav Restaurant,+(91)-9152154630,4.2,,"Panjarapole Cross Roads, Ambawadi, Ahmedabad - 380006, Near Polytechnic College",
Page One Restaurant,+(91)-79-48997842,4.2,,"Sandesh Press Road, Vastrapur, Ahmedabad - 380015, Opposite Premier Apartment, Near Jivabhai Tower",
Riviera Restaurant & Banque..,+(91)-9152723730,4.6,,"Shanti Chamber, Ashram Road, Ashram Road, Ahmedabad - 380009, Opposite Dinesh Hall,Near Income Tax Office",
Chef Court,+(91)-9152937782,4.0,,"Shop No.16 Dholeshwar Residency, Ghuma, Ahmedabad - 380058, Opposite Ghuma Lake Krishna Shalby Road",
Hotel Moti Mahal,+(91)-9152158579,4.2,,"Kapasiya Bazar, Kalupur, Ahmedabad - 380002, Near Railway Station",
Marigold Restaurant,+(91)-9537323720,4.1,,"Near Palm Hotel, Vishala Landmark, Nikol, Ahmedabad - 380024, Opposite Sahjanand Business Park",
Choice Snack Bar,+(91)-9152134609,4.2,,"C G Road, Ahmedabad - 380009, Opposite Hotel President,Near Municipal Market",
Page One Restaurant,+(91)-79-48997842,4.2,,"Sandesh Press Road, Vastrapur, Ahmedabad - 380015, Opposite Premier Apartment, Near Jivabhai Tower",
Le Artisan Boulangerie Bake..,+(91)-9723231177,4.3,,"GF -002, Ground Floor,Magnifico, K K Farm Lane, Bodakdev, Ahmedabad - 380054, Opposite Avalon Hotel",
Shree Khodiyar Kathiyawadi ..,+(91)-9152584053,4.3,,"101 to 111 Vishala Supreme, S P Ring Road, Nikol Gam, Ahmedabad - 382350, Opposite Torent Power House",
Kinjal Restaurant & Dining ..,+(91)-9152101610,3.9,,"Near Civil Hospital Gate No 4, Asarwa, Ahmedabad - 380016, Opposite New Civil Kidney Hospital",
The Golden Leaf Restaurant ..,+(91)-7272807676,4.6,,"1st Floor, Pushpak City, Mahemdavad Road, Hathijan, Ahmedabad - 382445, Near Hathijan Circle",
R K Restaurant,+(91)-79-27414200,4.3,,"Raj Tower, Sattadhar Cross Road, Sola Road, Ahmedabad - 380061, Opposite Swaminarayan Temple",
Savoureux The Restaurant & ..,+(91)-9152798543,4.3,,"16 to 21, Block A, First Floor, Binali Complex, Aec Cross Road, Naranpura Vistar, Ahmedabad - 380013, Opposite Aec Zonal Office",
Riviera Restaurant & Banque..,+(91)-9152723730,4.6,,"Shanti Chamber, Ashram Road, Ashram Road, Ahmedabad - 380009, Opposite Dinesh Hall,Near Income Tax Office",
Marigold Restaurant,+(91)-9537323720,4.1,,"Near Palm Hotel, Vishala Landmark, Nikol, Ahmedabad - 380024, Opposite Sahjanand Business Park",
Shahi Chaska,+(91)-9152522446,4.4,,"Plot No-184, Near Tilak Farm, Sardar Patel Ring Road, Vaishno Devi Circle, Ahmedabad - 382481, Opposite -HP Petrol Pump",
Mangal Murti Garden Restaur..,+(91)-9152374484,4.1,,"Mangal Murti Dhaba, Vishat- Koba Highway, Chandkheda, Ahmedabad - 382424, Nr Tapovan Circle , Opp Jain Merudham Mandir, Amiyapur",
Atithi Dining And Banquet,+(91)-9152844294,4.9,,"206,Angel Arcade 2nd Floor, Viratnagar Ring Road, Viratnagar, Ahmedabad - 382350, Opp, Palm Hotel",
Aroma Food Junction,+(91)-9152587553,4.0,,"Plot No 21, Airport Gandhinagar Road, Hansol, Ahmedabad - 382475, Opposite Indira Bridge Circle, Near Hotel Kayra, Near Shere E Punjab Hotel",
Jalaram Restaurant & Cold D..,+(91)-9152910837,4.3,,"Revdi Bazar, Ahmedabad - 380002, Near Sindhi Market, Mirghawad",
Balan Dosa,+(91)-9152496737,4.1,,"Ratri Bazaar, Manek Chowk, Ahmedabad - 380001, Tilak Maidan Manek Chowk",
Cafe De Italiano,+(91)-9328078019,4.2,,"Shop Number-3, Arista Business Hub,, Sindhu Bhavan Road,, Bodakdev, Ahmedabad - 380054, Opposite Stellar Complex,",
Superia The Restaurant & Ba..,+(91)-9152750895,4.4,,"1st, Floor, Shantiniketan Bussiness Centre, Vrndavan Party Plot Road, Nikol, Ahmedabad - 380024, Above Domino's Pizza, Gangotri Circle,",
Jalaram Parotha House,+(91)-9152784922,4.1,,"1, Narnarayan Palace, Paldi, Ahmedabad - 380007, Between V S Hospital to Paldi, Opposite Dadi Dining Hall, Near Dena Bank",
Aangan Garden Restaurant,+(91)-9152297809,5.0,,"Nr, Shivalik Villa Bunglows, Rajpath Club Roads, Ambli, Ahmedabad - 380058, Nr , Shivalik Bunglows",
A Magic Masala,+(91)-9152207348,4.0,,"C Galaxy Opal, Vastral, Ahmedabad - 380026, Near Eklavya School and Nirant Cross Road Opposite Madhav Homes",
Prime Restaurant & Banquet,+(91)-9152351296,4.3,,"1st Floor,Swanik Arcade, Pragatinagar to KK Nagar Road, Naranpura Vistar, Ahmedabad - 380013, Opposite Vardhan Tower",
Green Rio Restaurant & Banq..,+(91)-9152189844,4.2,,"1st Floor, Gajanand Arcade, Naroda, Ahmedabad - 382330, Opposite GIDC Gate No.5, Near Kharikat Canal",
Marigold Restaurant,+(91)-9537323720,4.1,,"Near Palm Hotel, Vishala Landmark, Nikol, Ahmedabad - 380024, Opposite Sahjanand Business Park",
Southern India,+(91)-9152157552,4.0,,"Shop No 8, Ground Floor, JBR Arcade, Science City Road, Sola, Ahmedabad - 380060, Opposite Satyam Complex",
Kshitij Restaurant & Banque..,+(91)-9152969533,4.1,,"1st Floor, RJD Arcade, GST Railway Crossing Road, Ranip, Ahmedabad - 382480, Near Khodiyar Temple, New Ranip",
Govardhan Thal,+(91)-9152159590,4.8,,"3rd Floor Arved Transcube Plaza, 132, Fit Ring Road, Ranip, Ahmedabad - 382480, Opp. BRTS Bus Stop",
Chaatwala,+(91)-9152621511,2.3,,"Sardar Nagar, Ahmedabad - 382475, Talavadi Circle, Opposite C G School",
Bansri Villa,+(91)-9998730063,4.0,,"Bansri Villa, Nr.Swaminarayan Gurukul, Hathijan, Ahmedabad - 382445, Near Mehmdavad Road",
Chirag The Restaurant,+(91)-79-26582835,3.9,,"Shop No. 21, Ground Floor, LAL Bahadur Shastri Municipal Market, NID Road, Paldi, Ahmedabad - 380007, Near Paldi Museum",
Ashirwad Restaurant,+(91)-8000610903,4.0,,"G-25, 26, Silver Square Mall, Baghban Cross Road, Thaltej, Ahmedabad - 380054, Baghban Party Plot",
Foodish Gandhinagar,+(91)-9824099735,4.9,,"A-02, Shukan Silver, Near Prominent Hotel, Kudasan, Gandhinagar Sarkhej Highway, Ahmedabad - 380055, Kadi Nagarik Sahkari Bank Kudasan",
The Pancake Story,+(91)-7069447779,4.5,,"Unit - A, Ground Floor, Akshat Tower, Near Kotak Bank, Besides Pakwan Restaurant, Bodakdev, Ahmedabad - 380054, Near Bodakdev",
Anand Dalvada & Bhajipav Ce..,+(91)-079-27490027,4.0,,"Adishwar Complex, Ankur Road, Naranpura Vistar, Ahmedabad - 380013, Near Ankur Bus Stop",
Curry O City,+(91)-8347207429,4.0,,"1st Floor, City Center Complex, Science City Road, Ognaj, Ahmedabad - 380060, Opp. Shukan Mall",
Shakes And Cream,+(91)-7096335335,3.7,,"Wide Angle Multiplex, Iscon Cross Road, Satellite, Ahmedabad - 380015, Near S.g Highway",
Honest Restaurant,+(91)-8980941706,3.9,,"8, 9, Shapath Hexa, Sarkhej Gandhinagar Highway, Sola, Ahmedabad - 380060, Near Ganesh Meridan, Opposite Kargil Petrol Pump",
Honest Restaurant,+(91)-8980941706,3.9,,"8, 9, Shapath Hexa, Sarkhej Gandhinagar Highway, Sola, Ahmedabad - 380060, Near Ganesh Meridan, Opposite Kargil Petrol Pump",
Khoppcha Cafe,+(91)-9904617098,4.5,,"New York Trade Center, Thaltej Cross Road, Thaltej, Ahmedabad - 380054, Near S G Highway",
Kunal Restaurant,+(91)-079-26587800,4.1,,"Nr H K College, Ashram Road, Ahmedabad - 380009",
Upper Crust,+(91)-9825232895,4.3,,"6/7 Arohi Complex, Vijay Cross Road, Navrangpura, Ahmedabad - 380009, Opposite Maharaja Palace",
Curry O City,+(91)-8347207429,4.0,,"1st Floor, City Center Complex, Science City Road, Ognaj, Ahmedabad - 380060, Opp. Shukan Mall",
Brewich The Eat Place,+(91)-9824124198,4.1,,"Terrace @The Emporio, Gandhinagar Visat Highway, Motera, Ahmedabad - 380005, Opposite Pvr Cinema 4D Square Mall, Next to Pantaloons Showroom",
Agarwal Mithai Bhandar,+(91)-79-27541243,4.2,,"53, Harsiddh Chamber, Ashram Road, Income Tax, Ahmedabad - 380014, Near Income Tax Office",
Chef Iffis Cafe And Restaur..,+(91)-8511236786,4.0,,"OYO Townhouse, Usmanpur to Ashram Road, Usmanpura, Ahmedabad - 380013, Opposite Holiday Inn Hotel,Near Bharat Petrol Pump",
Apple Bite Multi Cuisine Re..,+(91)-281-2480881,4.3,,"4, Plus Building, Sardarnagar Main Road, Astron Chowk, Rajkot - 360001",
Gallops Food Plaza,+(91)-9925245145,4.3,,"Ahmedabad Bhavnagar Highway, Dhandhuka, Ahmedabad - 382460",
Barbeque Nation,+(91)-79-46147474,4.5,,"1st Floor, Formule 1 Hotel, 100 Feet Road, Prahladnagar, Ahmedabad - 380015, Beside Venus Atlantis",
Jassi De Parathe,+(91)-079-40027901,4.3,,"Shop No 28, Sardar Centre, Vastrapur, Ahmedabad - 380015, Near Vastrapur Lake",
Jassi De Parathe,+(91)-9925002706,4.3,,"107, Safal Pegasus, Ananadnagar Road, Prahladnagar, Ahmedabad - 380015, Above Mcdonald's",
Honest Restaurant (Weddingz..,+(91)-079-26937352,4.0,,"201, 2nd Floor, Circle P Complex, Sarkhej Gandhinagar Highway, Prahladnagar, Ahmedabad - 380015, Near Auda Garden and Anand Dham",
Gordhan Thal,+(91)-079-26871222,4.2,,"Ground Floor, Shapath Complex, Sarkhej Gandhinagar Highway, Bodakdev, Ahmedabad - 380054, Opposite Rajpath Club",
Barbeque Nation,+(91)-7849006060,4.4,,"1st Floor, Satyaone, Drive In Road, Memnagar, Ahmedabad - 380052, Opposite R3 Mall, Near Manav Mandir",
At Mango,+(91)-079-30920610,4.3,,"C/o Dash Hari Hotels Pvt Ltd, Shardas Aam Bagan, Bodakdev Road, Bodakdev, Ahmedabad - 380054, Opposite Sindhu Bhavan",
Mocha,+(91)-9725200002,4.3,,"6-9, Ground Floor, Devashish Business Park, Courtyard Mariott Lane, Bodakdev, Ahmedabad - 380054, Opposite Krishna Complex, Besides Popular Domain",
Amber Hotel,No Number!,4.0,,"National Highway No 8 A, Bagodara, Ahmedabad - 382230, Near Bus Station",
The Grand Thakar,+(91)-9152176988,4.5,,"101 Dev Arc Complex, Iscon Cross Road, Satellite, Ahmedabad - 380015, Above Vijay Sale S G Highway",
Mocha Cafe,+(91)-7600160000,4.3,,"10, Vasantbaug Society, Gulbai Tekra Road, C G Road, Navrangpura, Ahmedabad - 380009, Opposite IDBI Bank",
McDonalds,+(91)-79-66000666,4.2,,"Unit No G- 1 & F-1, Akshar-3 Commercial Hub, Visat Koba Gandhi Nagar Road, Chandkheda, Ahmedabad - 382424, Near Tapovan Circle, Opposite Radha Swami Satsang, Motera",
McDonalds (Himalaya Mall),+(91)-079-66000666,4.1,,"Himalaya Mall, Drive In Road, Ahmedabad - 380052, Near Indraprasth Tower",
Havmor Restaurants,+(91)-079-26403355,4.3,,"Stadium Complex, Navrangpura, Ahmedabad - 380009, Behind Navrangpura Bus Stop",
Vishalla Restaurant,+(91)-079-26602422,4.2,,"Narol Road, Vasna, Ahmedabad - 380007, Opposite A P M C Market,Vishalla Circle,Vasna Tolnaka, Juhapura",
Gloria Restaurants & Banque..,+(91)-79-26933286,4.2,,"C/o Regency Plaza, First Floor, Anand Nagar Cross Road, Satellite, Ahmedabad - 380015, Opposite Rahul Tower",
Udipi Cafe,+(91)-079-26578710,4.0,,"Paldi Cross Road, Paldi, Ahmedabad - 380007, Opposite Bank Of India",
Honest Restaurant,+(91)-079-26856566,4.0,,"17/18/19, Ground Floor, Corporate House, Judges Bunglow Road, Bodakdev, Ahmedabad - 380054, Near Bodakdev Circle",
KFC,+(91)-079-40099900,4.2,,"Shop No 3 & 4, Ground Floor, 3rd Eye Building II, Panchwati, Ahmedabad - 380015, Near Panchwati Cross Road, Opposite Parimal Garden",
KFC,+(91)-79-33994444,4.2,,"Shop No 216, 3rd Floor, Alpha One Shopping Mall, Vastrapur, Ahmedabad - 380015, Near Vastrapur Lake",
KFC,+(91)-79-33994444,4.2,,"Shop No 13, Ground Floor, Pushpak Hills, Prahladnagar, Ahmedabad - 380015, Near Auda Garden",
Us Pizza,+(91)-9152134629,4.1,,"1st Floor Shapath 3, Sg Highway, Sarkhej Gandhinagar Highway, Ahmedabad - 380055, Beside Harley Davidson Bike Show Room Near Gnfc Info Tower",
Us Pizza,+(91)-9152154722,4.1,,"1st Floor, Setu Complex, Cg Road, Navrangpura, ahmedabad - 380009, Near Girish Coldrink Cross Road",
Hotel El Dorado & Aureate R..,+(91)-079-26425517,4.2,,"Across Cross Word,Mithakhali Six Road,, Navrangpura, Ahmedabad - 380009, Opposite Shree Krishna Shoping Centre,",
Dominos Pizza,,4.1,,"G/5, Ground Floor, Shivalik Yash, Pallav Cross Road, 132 Feet Ring Road, Naranpura Vistar, Ahmedabad - 380013, Opposite Shashtri Nagar Bus Stop",
Dominos Pizza,,4.2,,"Shop No 6, Ground Floor, Venus Atlantis Business Park, Prahladnagar, Ahmedabad - 380015, Near Prahladnagar Garden, Opposite Reliance Fresh",
Prime Dine Restaurant,+(91)-9152409644,4.2,,"1st Floor, Sachet - 4, Prernatirth Derasar Road, Satellite, Ahmedabad - 380015, Opposite Satyam Complex",
Sasuji Dining Hall,+(91)-079-26405065,4.2,,"3rd Floor, Singapore Avenue, C G Road, Navrangpura, Ahmedabad - 380009, Opposite Lal Bunglow",
Burger King,+(91)-79-33558000,4.0,,"Shop No 1, Venus Atlantis Business Park, 100 Feet Main Road, Prahladnagar, Ahmedabad - 380015, Near Anandnagar",
Magic Chicken,+(91)-7567676769,4.3,,"Ground Floor, Regency Park Plaza, Sarkhej Road, Ahmedabad - 380055, Opposite Amber Tower",
Pakwan Dining Hall,+(91)-79-26873290,4.1,,"Circle B Building, Sarkhej Gandhinagar Highway, Judges Bunglow Road, Bodakdev, Ahmedabad - 380054",
Shott,+(91)-7574861514,4.3,,"Sindhubhavan Road, Thaltej, Ahmedabad - 380059, Opposite Saket 3, Next to Sankalp Square",
Royal Punjab Paratha,+(91)-9374011410,4.3,,"Shop No-3,Antrix Complex, Royal Punjab Paratha, Swastik Cross Road, C G Road, Ahmedabad - 380009, Near Sukan Complex",
Dinner Bell Restaurant,+(91)-079-26466000,4.2,,"1st Floor, Akshar Arcade, Memnagar, Ahmedabad - 380052, Near Darpan Six Road & Vijay Cross Road, Opposite Memnagar Fire Station",
Mcdonalds (Pavilion Mall),+(91)-079-66000666,4.1,,"Ground Floor, Pavilion Mall, Nikol, Ahmedabad - 380024, Near Raspan Party Plot, Near Shukan Cross Road, Nikol",
Natural Ice Cream Parlour,+(91)-079-26403252,4.5,,"Shop Numbe 45-46, Shree Krishna Center, Mithakhli Circle Road, Navrangpura, Ahmedabad - 380009, Near Mithakhali Six Road",
Sams Pizza,+(91)-79-26444555,4.2,,"Upper Ground Floor, Vraj Avenue, Swastik Cross Roads, Commerce Six Roads, C G Road, Ahmedabad - 380009, Near  St Xaviers Ladies Hostel",
Atithi Restaurant,+(91)-79-26858806,4.2,,"Ground Floor, Mohini Tower, Judges Bungalows Road, Bodakdev, Ahmedabad - 380054, Near Sharda Petrol Pump",
Birmies,+(91)-079-26305874,4.3,,"Shop No 13, Ground Floor, Antriksh Complex, IIM Road, Panjara Pole Cross Road, Ambawadi, Ahmedabad - 380006, Near Panjarapole Pole Cross Road",
Brick Kitchen,+(91)-79-71845837,4.2,,"C/o Five Petals Hotel & Banquets, Ravishankar Maharaj Road, Ghatlodiya, Ahmedabad - 380061, Near Chanakyapuri Bridge, Near Nalanda School",
La Pinoz Pizza,+(91)-079-48988880,4.3,,"5, Ground Floor, Royal Square, Science City Road, Sola, Ahmedabad - 380060, Opposite Relience Fresh",
Mirch Masala Restaurant,+(91)-79-26853200,4.2,,"2, 1st Floor, Sumel Complex, SG Highway Road, Bodakdev, Ahmedabad - 380054, Near Tej Motors, Opposite The Grand Bhagwati, Opposite Gnfc",
Dominos Pizza (Himalaya Mal..,,4.2,,"Unit No 118, Ground Floor, Himalaya Mall, Drive In Road, Memnagar, Ahmedabad - 380052, Near Indraprastha Tower",
Havmor Restaurants,+(91)-79-29704949,4.2,,"Shop No 1, 2, 3, 4, Shilp Aaron, Sindhu Bhavan Road, Bodakdev, Ahmedabad - 380054, Opposite Shree Maruti Nandan Restaurant",
Annapurna Restaurant,+(91)-79-25890514,4.2,,"Devdarshan Complex, Gidc Road, Vatva GIDC, Ahmedabad - 382445, Near Jasoda Nagar Cross Road",
Tomatos Restaurant,+(91)-079-26461998,4.3,,"1, 2, 3, Ground Floor, Maradia Plaza, C G Road, Navrangpura, Ahmedabad - 380009, Behind Titan Watch Showroom, Near Associated Petrol Pump",
Eat Punjab Restaurant,+(91)-079-23293377,4.0,,"Swagat Status 1, Gandhinagar Highway, New C G Road, Chandkheda, Ahmedabad - 382424, Near Vishwakarma Engineering College",
City Point Restaurant,+(91)-9091836253,4.1,,"1st Floor, Ajit Vijay Complex, Ajit Mill Cross Road, Rakhial Road, Rakhial, Ahmedabad - 380023",
Kabir Restaurant,+(91)-079-26857196,4.3,,"J B Tower, Drive In Road, Ahmedabad - 380052, Opposite Doordarshan Kendra",
Dakshinayan,+(91)-079-48901900,4.2,,"ABC- 2, Off C. G Road, Navrangpura, Ahmedabad - 380009, Near Xavier's College",
Epitome Restaurant And Banq..,+(91)-79-25830013,4.3,,"102,Kansas Complex, Ghodasar Cross Road, Ghodasar, Ahmedabad - 380050, Near Cadila Bridge",
Sankalp Restaurant,+(91)-79-26406707,4.3,,"Samir Building, Navrangpura, Ahmedabad - 380009, Opposite Municipal Market, Off C G Road",
William Johns Pizza,+(91)-7048001808,4.1,,"FF Aditya Avenue, Gandhinagar Highway, Motera, Ahmedabad - 380005, Above Havmor Restaurant",
City Corner,+(91)-9228419123,4.2,,"1, Rajkamal Complex, Maninagar, Ahmedabad - 380008, Opposite Swaminarayan Mandir, Rambaug",
Simran Farm The Restaurant,+(91)-079-22867073,4.2,,"Simran Farm, Airport Road, Near Airport Highway Road, Shahibaug, Ahmedabad - 380004, Opposite Hanuman Camp Gate No 3, Cantonment Camp, Shadar Bazar",
Honest Restaurant,+(91)-8141060606,3.9,,"1b/2-4-C, Ground Floor, Parth Empire, Maninagar, Ahmedabad - 380008, Near Fire Station, Opposite Rambaug Police Station",
BAGH ONE RESTAURANT & BANQU..,+(91)-7600090440,4.4,,"Mehmdabad Road, Hathijan, Ahmedabad - 382445, Near Hathijan Circle",
Shambhus Coffee Bar,+(91)-79-65125555,3.9,,"Sardar Nagar, Ahmedabad - 382475, Near Airport, Near Tandur Hotel & Near Taj Hotel",
Honest Restaurant,+(91)-9998444945,3.8,,"Survey No 871/3, National Highway No 8, Bavla, Ahmedabad - 382220",
Varietea,+(91)-079-29700090,4.3,,"403/404, Shilp Aaron, Pakwan Cross Road,  Sarkhej Gandhinagar Highway, Sindhu Bhavan Road, Bodakdev, Ahmedabad - 380054, Opposite Armida",
Saffron Restaurant,+(91)-079-26430999,4.1,,"26/27/28/29, Ground Floor, Samudra Complex, Navrangpura, Ahmedabad - 380009, Near Classic Gold & Girish Cold Drink Cross Road, Off C G Road",
Pizza Hut,+(91)-079-40359587,4.1,,"956, Ground Floor, City Gold Complex, Ashram Road, Ahmedabad - 380009, Besides Mc Donalds",
Iscon Thal,+(91)-79-48944999,4.4,,"1, 2nd Floor, Rudra Applis, Iscon Cross Road, Sarkhej Gandhinagar Highway, Ahmedabad - 380055, Above Aishwarya Show Room, Iscon Circle",
Topaz Restaurant & Banquet,+(91)-79-25810408,4.3,,"Dev Castle, Jay Mala Society Road, Isanpur, Ahmedabad - 382443, Opposite Radhe Kishan Complex, Govindwadi",
Evening Post The Restaurant..,+(91)-079-27416500,4.2,,"1st Floor, Shivalik Yash Complex, 132 Feet Ring Road, Naranpura Gaon, Ahmedabad - 380013, Opposite Shastri Nagar Brts Bus Stop",
Anand Sandwich And Pizza Ce..,+(91)-079-27457760,4.1,,"1/2/3, Bechardas Park Building, Ankur Cross Road, Naranpura Vistar, Ahmedabad - 380013, Opposite Ankur Complex",
Sankalp Restaurant,+(91)-79-27499200,4.3,,"F 5, Gokul Complex, Drive In Road, Gurukul Road, Ahmedabad - 380052, Opposite Swaminarayan Temple",
Dominos Pizza,,4.3,,"Shop No A 3/4, Ground Floor, Shantiniketan Complex, Town Planning Scheme No 199, Vrindavan Party Plot Road, Nikol, Ahmedabad - 380024, Near Gangotri Circle",
Bogarosa,+(91)-9924064641,4.0,,"299/1, Bodakdev, Ahmedabad - 380054, Behind Rajpath Club , Beside 9th Avenue Building",
Havmor Restaurants,+(91)-079-26932333,4.2,,"13, Shivalik Arcade, Anand Nagar Road, Prahladnagar, Ahmedabad - 380015, Near 100 Feet Ring Road",
Hocco Eatery,+(91)-079-26769593,4.1,,"Shop No 11, Ground Floor, Sardar Centre, Vastrapur Cross Road, Vastrapur, Ahmedabad - 380015, Opposite Vastrapur Lake, Near Nehru Park",
Sams Pizza,+(91)-79-26861700,4.0,,"4-6, Ground Floor, Surmount Building, Sarkhej Gandhinagar Highway, Ahmedabad - 380055",
Gormoh Restaurant,+(91)-079-26873655,4.2,,"Ground Floor, Rudra Square, Judges Bunglows Cross Road, Bodakdev, Ahmedabad - 380054, Near Jundges Bunglows Across Road",
Navrang Restaurant,+(91)-079-26431003,4.1,,"1st Floor, Centore Owners Association, Vijay Cross Road, Navrangpura, Ahmedabad - 380009, Above Vijay Hair Art, Opposite Dangee Dums",
Italian Bistro,+(91)-9512373739,4.3,,"S P Ring Road, Chandkheda, Ahmedabad - 382424, Near Tapovan Circle",
Dominos Pizza,,4.2,,"7/8, Ground Floor, Shapath Hexa, Sarkhej Gandhinagar Road, Sola, Ahmedabad - 380060, Opposite Gujarat High Court, Opposite Kargil Petrol Pump",
The Red Bistro,+(91)-079-40394775,4.3,,"Armieda Building, Sindhu Bhavan Road, Bodakdev, Ahmedabad - 380054, Near Off Sarkhej Gandhinagar Highway, Near Pakwan Cross Road",
The Project Cafe,+(91)-079-48996060,3.9,,"Yellow Bunglow No 7, Gujarat Siddharth Society, Panchavati Society, Ambawadi, Ahmedabad - 380006, Near Gulbai Tekra",
Dominos Pizza,,4.2,,"Shop No 1, 2, 3, Ground Floor, Radhe Kishan Arcade, National Highway No 8, Ghodasar, Ahmedabad - 380050, Near Smruti Temple, Opposite Ghodasar Brts Bus Stand, Near Vaibhav Hall, Ghodasar",
Dominos Pizza,,4.2,,"Shop No 4, Ground Floor, Sigma Icon 1, 132 Feet Ring Road, Shymal Cross Road, Satellite, Ahmedabad - 380015, Opposite Medilink Hospital",
New Lucky Restaurant,+(91)-79-25505033,4.2,,"LAL Darwaza Road, LAL Darwaja, Ahmedabad - 380001, Opposite City College, Laldarwaja",
Mad By Tomatos,+(91)-79-26857885,4.3,,"Ground Floor, Sumel Complex, Sarkhej Gandhinagar Highway, Bodakdev, Ahmedabad - 380054, Near Tej Motors",
Gwalia Sweets,+(91)-9924301390,4.2,,"11, 12, Trade Center, Stadium Circle Road, Navrangpura, Ahmedabad - 380009",
Khichdi Etc,+(91)-8155856856,4.4,,"Shop No 5/6, Gala Business, Sp Desai  Marg, Navrangpura, Ahmedabad - 380009, Opposite Zodiac Plaza, Near St Xaviers Corner",
Dominos Pizza,,4.2,,"Shop No 1, Plot No 420/3, Broadway Business Centre, C G Road, Law Garden, Ahmedabad - 380009, Beside V Mart, Opposite Samatheshwar Mahadev Temple, Opposite Law Garden",
70 Degrees East,+(91)-9913433397,4.2,,"E 201, 2nd Floor, Ozone Desire, Hebatpur Road, Thaltej, Ahmedabad - 380059, Near Signature Residency",
Honest Restaurant,+(91)-79-26614490,4.0,,"1/4, Ground Floor, Neelkanth Plaza Complex, Paldi, Ahmedabad - 380007, Bhatta, Anjali Circle",
Sankalp Restaurant,+(91)-079-25471212,4.2,,"Ground Floor, Hariom Complex, Krishna Baug Jawahar Chowk Road, Maninagar, Ahmedabad - 380008, Near Krishnabaug Cross Road",
Capsicum Restaurant,+(91)-79-242231,4.3,,"Sarkhej Gandhinagar Highway, Gota Gam, Ahmedabad - 382481, Near Modi Sikshan Sankool, Opposite Nirma University, Behind Balaji Temple",
Mehmaan Dining and Banquet ..,+(91)-79-25469899,4.0,,"1st Floor, Takshshila Square, Krishnabaug Cross Road, Maninagar, Ahmedabad - 380008, Behind Maninagar Fire Station",
Toran Dining Hall,+(91)-079-27542197,4.1,,"Ashram Road, Ahmedabad - 380009, Opposite Sales India, Opposite Dudawat Hotel, Near Income Tax Office",
Meritorious Restaurant,+(91)-079-26407429,4.1,,"1st Floor, Swapneel-5, Commerce Six Road, Navrangpura, Ahmedabad - 380009, Near Jain Upashray",
La Pinoz Pizza (4d Square M..,+(91)-079-48952929,4.3,,"29, Ground Floor, 4D Square Mall, Ahmedabad Gandhinagar Highway, Motera, Ahmedabad - 380005, Opposite Palladium Business Hub, Opposite Vishwakarma Engineering College",
Pomos Pizza,+(91)-79-48011777,3.9,,"Shop No 24, 1st Floor, Abhinav Colony, Drive In Road, Gurukul, Ahmedabad - 380052",
Birmies,+(91)-079-48988889,4.3,,"Sindhubhavan Road, Bodakdev, Ahmedabad - 380054, Near Sarkhej Gandhinagar Highway, Opposite Trade Bulls",
Real Paprika,+(91)-9825810099,4.1,,"1st Floor, Swapna Complex, Maninagar, Ahmedabad - 380008, Opposite Ghadiyali Complex, Near Maninagar Bhajiya House, Jawahar Chawk",
Hotel Honest,+(91)-8511002577,3.7,,"Nh8a, Ahemdabad Road, Hansalpur, Ahmedabad - 382150",
Dominos Pizza,,4.4,,"Plot No 93, Pushp Business Campus, TP Scheme No 114, 200 Feet Ring Road, Vastral, Ahmedabad - 382418, Str 14, Near Vaal Cross Road, Dascroi",
Annkut Gujarati Sanskruti N..,+(91)-79-40324031,4.3,,"Ground Floor, Sanidhya A, 100 Feet Ring Road, Prahladnagar, Ahmedabad - 380015, Opposite Anandnagar Bus Stand and Rajdeep Hotel",
Fozzies Pizzaiolo,+(91)-79-40092213,4.2,,"G/4, Maruti Crystal, Sarkhej Gandhinagar Highway Road, Bodakdev, Ahmedabad - 380054, Opposite Rajpath Club, Near Qwiches",
Jugaad Nights,+(91)-8155050642,4.2,,"1 & 2, Ground Floor, M Square, Navrangpura, Ahmedabad - 380009, Behind Jain Dairy, Swastik Circle, Swastik Society",
Iqbal Hotel,+(91)-79-25321251,4.1,,"Near Paanch Pipli Post Office, Jamalpur, Ahmedabad - 380001, Chhipa Welfare Hospital, Near Astodia Darwaja",
Sizzante Sizzlers And More,+(91)-7046020304,4.0,,"B 301 Shilp Aaron, Sindhu Bhavan Marg, Bodakdev, Ahmedabad - 380054, Near Pakwan Cross Road",
Gwalia Banquet & Gwalbhog,+(91)-7043060000,4.3,,"First Floor, Amrakunj Avis, Visat Gandhinagar Highway, Chandkheda, Ahmedabad - 382424, Near Tapovan Circle",
Upper Crust,+(91)-79-26850150,4.2,,"4 & 5, Shubham Complex, Vastrapur Lake Road, Vastrapur, Ahmedabad - 380015, Near Sunrise Park Corner, Opposite Sanjivini Hospital, Near Vastrapur Lake",
Relish The Restaurant,+(91)-079-27663137,4.3,,"1st Floor, Shivam Arcade, R C Technical Road, Ghatlodiya, Ahmedabad - 380061, Opposite Niraman Tower",
Honest Restaurant,+(91)-079-26442171,4.1,,"White House, Navrangpura, Ahmedabad - 380009, Near Panchvati Circle",
Saffron,+(91)-079-27462999,4.0,,"1st Floor, Sankalp Square, Drive In Road, Ahmedabad - 380052, Near Gurukul Temple, Near Manav Temple",
Dinner Point,+(91)-79-25450175,3.9,,"1st Floor, Radhe Arcade, Kankriya Cross Road, Maninagar East, Ahmedabad - 380008, Near Diwan Ballubhai School",
Dominos Pizza,,4.1,,"A 1, Ground Floor, Amrapali Axiom, Ambli Bopal Cross Road, 200 Feet Sardar Patel Ring Road, Bopal, Ahmedabad - 380058, Opposite Bopal Brts Stop",
Real Paprika,+(91)-9152625134,4.0,,"1st Floor, Sahjanand Complex, 100 Feet Road, Anand Nagar-Prahladnagar, Ahmedabad - 380015, Opposite Rahul Tower, Satellite",
Zesty Treat Restaurant And ..,+(91)-079-27590429,4.1,,"1st Floor, Aarya Arcade Complex, Ranip, Ahmedabad - 382470, Above Axis Bank, Near Anand Party Plot, Above Axis Bank, New Ranip",
Rps Pizzeria,+(91)-079-30920348,4.3,,"G1,Ground Floor, Yash Aqua, Vijay Cross Road, Navrangpura, Ahmedabad - 380009, Near Vijay Cross Road",
Highland Park Restaurant,+(91)-9152170368,4.1,,"First Floor, Vrundavan Complex, Gurukul Road, Memnagar, Ahmedabad - 380052, Near Shubash Chowk",
Topaz Restaurant,+(91)-079-26301603,4.1,,"Ronak Complex, Panjrapole, Ahmedabad - 380015, Near Panjara Pole",
Shambhus Coffee Bar,+(91)-079-65490863,4.0,,"Shop No G1, Camps Corner Complex, 100 Feet Ring Road, Prahladnagar, Ahmedabad - 380015, Near Auda Garden",
Gwalia Sweets,+(91)-079-40320385,4.2,,"5, Venus Atlantis, Prahladnagar, Ahmedabad - 380015, Near Shell Petrol Pump",
The Mondo Kitchen,+(91)-9328072344,4.1,,"A 101, S G Business Hub, Sarkhej Gandhinagar Highway, Gota Road, Ahmedabad - 382481, Near Gota Overbridge",
Heritage Multi Cuisine Rest..,+(91)-079-40395262,4.1,,"Siesta Business Zone, Thaltej Hebatpur Road, Thaltej, Ahmedabad - 380054, Near Baghban Party Plot",
Hamfoos Pizza,+(91)-79-48006000,4.0,,"Shop No 2, Dev Aurum Complex, 100 Feet Main Road, Prahladnagar, Ahmedabad - 380015, Near Anand Nagar Cross Road",
The Shake Maker,+(91)-9152498103,4.3,,"Shop No A 1, Surya Complex, Swastik Cross Road, Navrangpura, Ahmedabad - 380009, Opposite Golden Time",
Superia 2 Restaurant,+(91)-9824437530,4.2,,"1st Floor, Vishalla Supreme, S P Ring Road, Odhav Gam, Ahmedabad - 382415, Opposite Torrent Power",
Gwalia Sweets,+(91)-079-40304972,4.1,,"Shop No 76 ,77, Ground Floor, 4 D Square Mall, 4d Square Road, Chandkheda, Ahmedabad - 382424, Near D Mart, Opp IIT CLG",
Bikanervala,+(91)-79-26303803,4.1,,"Shop No 239 B, Satellite, Ahmedabad - 380015, Near Subhdham Appartment, Opposite Nehrunagar Brts Bus Stop, Nehrunagar Circle",
Global Desi Tadkaa,+(91)-79-40081422,4.2,,"4th Floor, Gulmohar Park Mall,, Near Just In Time,, Satellite, Ahmedabad - 380015, Opposite Satellite Police Station,",
Anjoy Food,+(91)-9687030385,4.1,,"B 3, Celler, Himalaya Complex, Vastrapur, Ahmedabad - 380015, Near Vastrapur Lake, Nehru Park",
City Corner Restaurant,+(91)-079-26309297,4.1,,"101 & 102, 1st Floor, Aasthan Complex, Panjrapole, Ahmedabad - 380015, Opposite Polytechnic College",
Cafe Coffee Day,+(91)-079-32946629,4.2,,"Shop No 5, Dhananjay Tower, 100 Feet Ring Road, Satellite, Ahmedabad - 380015, Near Shyamal Row Houses",
Real Paprika,+(91)-9913399530,4.1,,"Shop Number 5, 6, Subh Laxmi Complex, Nr. Railways Crossing, Naranpura Vistar, Ahmedabad - 380013, Opposite Sanghvi High School",
Shree Annapurna Corner,+(91)-7046650047,4.2,,"A/1, Once More Apartment, Krishna Baug Cross Road, Maninagar, Ahmedabad - 380008, Opposite Adani CNG Pump",
Grand Elegance Restaurant,+(91)-079-29700443,4.2,,"C/o Hotel Grand Elegance, A Block, Shilp Aaron, Sindhu Bhavan Road, Bodakdev, Ahmedabad - 380054, Near Pakwan Cross Road",
Thakar Thal,+(91)-79-35111046,4.2,,"First Floor Devnandan Mall, Ashram Road, Ahmedabad - 380006, Opposite Sanyas Ashram Near M J Library",
Shakaharis By Awadhpuri,+(91)-9099904752,4.1,,"101, 1st Floor, Pushpak Complex, Anand Nagar Road, Satellite, Ahmedabad - 380015, Opposite Prahladnagar Garden",
Hyderabadi Hut (Himalaya Ma..,+(91)-79-30283322,3.9,,"First Floor Himalaya Mall, DRive In Road, Drive In Road, Ahmedabad - 380052, Opposite ICICI Bank",
Royal Restaurant,+(91)-079-29093440,4.1,,"1st Floor, Karnavati Shopping Center, S P Ring Road, Odhav Gam, Ahmedabad - 382415, Opposite Takshashila Mall",
Jassi De Parathe,+(91)-79-65422500,4.2,,"Shop No 105, Shivalik Yash Complex, 132 Feet Ring Road, Naranpura Vistar, Ahmedabad - 380013, Opposite Shashtrinagar Brts Bus Stand",
Rajwadu Upvan Restaurant,+(91)-79-26643845,4.3,,"Mr Paresh Patel(Proprietor),Mr Bipin Patel(Manager)|^|undefi, Malav Talav Road, Jivraj Park, Ahmedabad - 380051, Near Malav Talav & Ambaji Temple",
Shree Marutinandan Restaura..,+(91)-9227181830,3.7,,"Pakvan Cross Road, Bodakdev, Ahmedabad - 380054, Next to Sindhu Bhavan",
Shree Marutinandan Restaura..,+(91)-079-65415777,3.7,,"Ground Floor, Trinity Complex, Zydus Hospital Road, Thaltej, Ahmedabad - 380054, Opposite Signature Complex",
Shree Maruti Nandan Kathiya..,+(91)-9979704343,3.7,,"Jagatpur Patiya, Sarkhej Gandhinagar Highway, Ahmedabad - 380060, Near Bhangra Club",
Dinner Bell 2 Restaurant,+(91)-079-27498485,4.1,,"1st Floor, Atlantis Enclave, Gurukul Subhash Chowk, Gurukul, Ahmedabad - 380052, Near PNB Bank",
440 Banquets,+(91)-79-40095440,4.3,,"3rd Floor B Wing The Acropolis Mall Thaltej Cross Road, Sarkhej Gandhinagar Highway, Thaltej, Ahmedabad - 380054",
Sigdi Restaurants,+(91)-7600063333,4.0,,"S P Ring Road, Sarkhej, Ahmedabad - 382210, Hotel Narmadam Shantipura Circle, B For Apple Wood",
Apna Punjab Parattha,+(91)-9328230467,4.2,,"Ground Floor, Shakti Square, Hanuman Mandir Road, Vastrapur, Ahmedabad - 380015, Opposite Management Enclave",
Havmor Restaurant,+(91)-79-25463057,4.1,,"Ground Floor, Shrushti 3, Maninagar, Ahmedabad - 380008, Beside Canara Bank, L G Corner",
Dangee Dums,+(91)-9512500406,4.2,,"Shop No 8, Ratnadeep 2, Prernatirth Derasar Road, Satellite, Ahmedabad - 380015, Opposite Prernatirth Derasar",
Gopi Dining Hall,+(91)-9099037323,4.1,,"1 to 5, Ground Floor, Sahajanand Palace, 100 Feet Ring Road, Satellite Road, Ahmedabad - 380015, Opposite Rahul Tower",
Mayur Restaurant,+(91)-7043701627,4.1,,"1st Floor, Neelkanth Avenue, Odhav Ring Road, Odhav Gam, Ahmedabad - 382415, Near Kailash Estate",
Lollo Rosso,+(91)-79-48977329,4.5,,"3 , Ground Floor , One World Capital, Bodakdev, Ahmedabad - 380054, Opposite Lane Of Orbit , Off Rajpath Rangoli Road",
Ristretto - Behind The Rods,+(91)-9152528564,4.3,,"B/5 Ground Floor,Maharaja Complex, University Road, Navrangpura, Ahmedabad - 380009, Near Vijay Cross Roads",
Gopi Dining Hall,+(91)-079-26576388,4.1,,"GF,Avdhesh House, Pritamnagar First Slop, Ellis Bridge, Ahmedabad - 380006, Near Sudama Resort",
Madhav Ni Pol,+(91)-8460464604,4.2,,"Shop No F 9, Krish Complex, Sardar Patel Ring Road, Vastral, Ahmedabad - 382418, Near Mehsul Bhavan",
Dominos Pizza,,4.3,,"Shop No 3 to 6, Ground Floor, Medicon Arcade, Naroda National Highway No 8, Naroda, Ahmedabad - 382330, Opposite Indian Oil Petrol Pump, Near Galaxy Cinema",
Honest Restaurant,+(91)-079-27451849,4.1,,"Sun N Step Club Premises, Sola Road, Ahmedabad - 380061, Opposite Nirant Park, Near Sun N Step Club, Opposite HP Petrol Pump",
Shree Mehfil Restaurant,+(91)-079-27498700,4.3,,"F-1 to 4, Suryoday Tower, Sola Road, Ahmedabad - 380061",
Qaraar Banquets,+(91)-079-26745440,4.2,,"1st Floor Sigma Icon  II, 132 Feet Ring Road, Satellite, Ahmedabad - 380015, Opposite Nutan Nagrik Bank Near Shyamal Shivranjani",
Shiv Shakti Kathiyawadi,+(91)-9512132525,4.2,,"Shop No-22, 23, 24, Management Enclave, Vastrapur, Ahmedabad - 380015, Opposite Indraprastha Bungalows",
Shabri Garden Restaurant,+(91)-8156040506,4.0,,"Hari Darshan Road, Nicol Road, Naroda, Ahmedabad - 382330, Opposite Madhuvan Green Party Plot",
Real Paprika,+(91)-7096022000,3.9,,"Shop No 12/13, Ground Floor, Rajyog Complex, R C Technical Road, Chanakyapuri-ghatlodia, Ahmedabad - 380061, Opposite Honda Showroom, Near Nirman Tower",
Umami By Curries,+(91)-79-48480008,4.1,,"B 105, Upper Level, Shivalik Plaza, Ambawadi, Ahmedabad - 380006, Behind Sahajanand College, Near Panjrapole Cross Road",
Honest Restaurant,+(91)-8128669131,3.8,,"Shop No 6, 7, 8, Vrundavan Heights, Gota Gam, Ahmedabad - 382481, Near Savvy Swaraj, Chenpur",
Jay Bhavani Vadapav,+(91)-8619420187,4.1,,"Shop No-9, Ground Floor, Jyoti Plaza, Near Murlidhar Dairy,Shyamal Cross Road, Satellite, Ahmedabad - 380015",
Ninis Kitchen,+(91)-7574885502,4.3,,"9c, First Floor, Venus Atlantis Business Park, Prahladnagar, Ahmedabad - 380015, Near Shell Petrol Pump",
Us Pizza,+(91)-9152391320,4.0,,"C/O HP Petrol Pump, Shivranjani Cross Road, Satellite, Ahmedabad - 380015, Near A B Jewlars",
Honest Restaurant,+(91)-79-22885175,3.7,,"142/B/1, Sindhi Colony, Sardar Nagar, Ahmedabad - 382475, Near Approach Road, Opposite Airport",
Kahanvi Garden Restaurant &..,+(91)-9924444423,4.7,,"S.P Ring Road, Naroda, Ahmedabad - 382330, Near Ranasan Toll Tax",
Legends Of Punjab,+(91)-7405027566,4.1,,"13, 1st Floor, Tirupati House, Devang Park Society, University Road, Panjrapole, Ahmedabad - 380015, Near Panjarapole Cross Road",
Stuffs Food,+(91)-7984299838,4.2,,"6, Group Floor, Sachet 3,, Mirambica Road, Naranpura Vistar, Ahmedabad - 380013, Near Miraambica School Opposite Kids World",
Maruti Dining Hall,+(91)-9898799692,4.4,,"B-502, Himalaya Arcade, Vastrapur, Ahmedabad - 380015, Opposite Vastrapur Lake",
Burger King,+(91)-079-33558000,4.1,,"Shop No 11/12, Swapneel 5 Complex, Commerce Six Road, Navrangpura, Ahmedabad - 380009, Besides Royal Enfield Showroom",
Wooddy Jhones Pizza,+(91)-8866120909,3.7,,"FF-Shyam Shikhar Tower, India Colony Cross Road, Bapunagar, Ahmedabad - 380024, Above Core Mobile",
Topaz Restaurant & Banquets,+(91)-079-23299429,4.2,,"2nd Floor, Sun Grace Arcade, Visat Gandhinagar Highway, Chandkheda, Ahmedabad - 382424, Above Westside Show Room, Opposite D Mart",
1944 The Hocco Kitchen,+(91)-9909917959,4.2,,"Shop No 22, Amrapali Complex, Bopal, Ahmedabad - 380058, Opposite HDFC Bank, Near Ambli Bopal Cross Road",
Pizza Hut,+(91)-079-27453360,4.1,,"Shop No 6, Ground Floor, Shivalik Yash, 132 Feet Ring Road, Naranpura Vistar, Ahmedabad - 380013, Opposite Shastrinagar BRTS Bus Stop",
Sankalp Restaurant,+(91)-079-26583550,4.2,,"16, Embessy Market, Income Tax, Ahmedabad - 380014, Near Dinesh Hall, Behind Sales India",
Sams Pizza,+(91)-079-25469200,3.8,,"1st Floor, Swapna Complex, Jawahar Chowk Cross Road, Maninagar, Ahmedabad - 380008, Opposite Ghadiyali Complex",
Kaboose Restaurant,+(91)-8282826633,4.0,,"1st Floor, Elite Business Hub, S G Highway, Sola, Ahmedabad - 380060, Opposite Kargil Petrol Pump, Near Shapath Hexa",
Gopi Dal Bati,+(91)-9824642464,4.0,,"Gota Road, Gota Road, Ahmedabad - 382481, Near Adani CNG Pump",
Epicurean Alley Restaurant,+(91)-79-26421965,4.2,,"Wall Street 1, Ellis Bridge, Ahmedabad - 380006, Near Gujarat College, Opposite Orient Club",
Khodal Kathiyawadi Restaura..,+(91)-7600002300,3.9,,"Gota Cross Road, Sarkhej Gandhinagar Highway, Gota Road, Ahmedabad - 382481, Opposite Petrol Pump",
Kovallam,+(91)-079-48491919,4.4,,"Mithakhali Six Road, C G Road, Ahmedabad - 380009, Opposite Sardar Patel Sewa Samaj Hall",
Kadak Bhagat Restaurant,+(91)-8141333664,4.1,,"1, Dev Aurum Complex, Anand Nagar Cross Road, Prahladnagar, Ahmedabad - 380015, Deer Circle",
Paramount Restaurant,+(91)-079-25507666,4.1,,"Bhadra Road, Lal Darwaja, Ahmedabad - 380001, Near Karanj Police Station, Below Alif Masjid, Khas Bazar",
Bombay Street Cafe Prahladn..,+(91)-9152288069,4.0,,"13 Ground Floor Safal Pegasus Building, 100 Feet Anand Nagar Road, Prahladnagar, Ahmedabad - 380015, Opposite Kiran Motors & Rivera 30 Bunglows Near Planet Health",
Pizza Zone,+(91)-079-27559666,4.0,,"101, Aastha Complex, Gandhi Ashram Road, Subhash Bridge, Ahmedabad - 380027, Opposite RTO Office",
Urban Khichdi,+(91)-8155088155,4.2,,"A-103,Shivalik Plaza, IIM Road, Vastrapur, Ahmedabad - 380015, Opposite AMA , Panjrapole",
The Chocolate Room,+(91)-079-40041044,4.2,,"5/6/7 Ground Floor University Plaza, Vijay Char Rasta, Navrangpura, Ahmedabad - 380009, Near Rasranjan",
Hot Plate The Restaurant,+(91)-7383638111,3.8,,"Near Vodafone Tower, Gota, Sarkhej Gandhinagar Highway, Ahmedabad - 380055, Opposite Gota Over Bridge, Near Shanku Farm",
Tgb Express,+(91)-079-25466791,4.2,,"Maninagar, Ahmedabad - 380008, Near Balwatika, Kankaria Gate No 5, Near Jaldhara Water Park",
Mehfil Restaurant,+(91)-079-26613983,4.2,,"Dharnidhar Road, Paldi, Ahmedabad - 380007, Opposite Jaydeep Tower",
Honest Restaurant,+(91)-79-26406699,4.0,,"19/20, Dev Bhoomi Complex, Commerce Six Road, Navrangpura, Ahmedabad - 380009, Near Vijay Cross Road",
Choice Corner Restaurant,+(91)-9722868044,4.0,,"Shop Number 2 Ground Floor Chandramani Apartment, Jagabhai Park, Kankaria, Ahmedabad - 380022, Near Kankaria Gate Number 6 Near Giraffe Circle",
The Grill Street,+(91)-79-48936440,4.1,,"1St Floor 106 Dev Arc Complex, Iscon Cross Road, Sarkhej Gandhinagar Highway, Ahmedabad - 380055, Near Croma",
E Quality Restaurant & Banq..,+(91)-79-27557429,4.2,,"1st Floor, Ganga Rachana Complex, Subhas Bridge to Vadaj Road, Subhash Bridge, Ahmedabad - 380027, Beside Rbi Quarter, Near Rto Circle",
Shree Marutinandan Restaura..,+(91)-7984184747,3.7,,"Sabarmati Gandhinagar Road, Motera, Ahmedabad - 380005, Near Ashok Vihar Circle, Near Krishna Bungalow",
Surbhi Restaurant,+(91)-79-22842721,4.2,,"F 4 to F 10, 1st Floor, Galaxy Complex, National Highway No 8, Naroda Road, Ahmedabad - 382330, Opposite Galaxy Cinema",
Zero Gravity,+(91)-9998083034,4.2,,"Top Floor Avirat Silver Radiance Avenue, Nr. Pakwan Cross Road, Bodakdev, Ahmedabad - 380054, Sindh Bhavan Road",
Emerald The Restaurant & Ba..,+(91)-79-22800440,4.2,,"Sai Avenue, National Highway No 8, Naroda, Ahmedabad - 382330, Opposite Sanket Flat, Near Galaxy Cinema",
Rangeen,+(91)-9824090111,4.4,,"Shreekunj Mandapam, Manekbag, Ahmedabad - 380015, Beside Golden Tulip Bunglows & Tulip Citadel , Manekbaug",
Bawarchee Restaurant,+(91)-079-26565970,4.2,,"1st Floor, Dwarkesh Complex, Off C. GRoad, Navrangpura, Ahmedabad - 380009, Near Klassic Gold Hotel",
Shakti The Sandwich Shop,+(91)-79-71845814,4.0,,"Shop No 101-102, Jay House, Maninagar, Ahmedabad - 380008, Opposite Tanishq Showroom, Near Rambaugh BRTS Stand",
Oshwal Restaurant,+(91)-079-27544531,4.1,,"14, Ajanta Commercial Centre, Ashram Road, Income Tax, Ahmedabad - 380014, Opposite Gujarat Vidyapith",
The Green Pearl Restaurant,+(91)-079-65248899,4.2,,"Sardar Patel Ring Road, Bodakdev, Ahmedabad - 380054, Near Sindhu Bhavan, Opposite Satva Vikash School",
Honest Restaurant,+(91)-79-27479522,4.1,,"G/10-11, Amarpali Complex, Ankur Cross Road, Naranpura Vistar, Ahmedabad - 380013, Opposite Jain Derasar",
And Me Cafe,+(91)-7228953269,4.1,,"2, Alpha Center Court, Sindhubhavan Road, Bodakdev, Ahmedabad - 380054, Opposite Armeda Salon",
Hocco Eatery,+(91)-079-40093223,4.2,,"Shop No 6/A, Shivalik Building 5, Mahalakshmi Cross Road, Paldi, Ahmedabad - 380007",
R K Egg Eatery,+(91)-079-40099862,3.6,,"Shop Number A/8, Ground Floor, Himalaya Arcade, Vastrapur Lake Road, Vastrapur, Ahmedabad - 380015, Opposite Vastrapur Lake, Near Hp Petrol Pump",
Iscon Gathiya,+(91)-9974803838,4.5,,"Sarkhej Gandhinagar Highway, Ahmedabad - 380055, Opposite Karnavati Club",
Pakvan Dining Hall,+(91)-79-26583350,4.0,,"1st Floor, Tulip Complex, Paldi Road, Ellis Bridge, Ahmedabad - 380006, Opposite V S Hospital",
Wok On Fire,+(91)-8980322522,4.0,,"G/1, Ground Floor, Alpha Megacon, Sindhu Bhavan Road, Bodakdev, Ahmedabad - 380054, Beside Tcb Cafe, Opposite Arista",
Patron Restaurant & Banquet,+(91)-9727429440,4.1,,"Vitthal Plaza, Dehgam Road, Nava Naroda, Ahmedabad - 382330, Opposite Geb Office",
Spinning Tomatos,+(91)-79-26734950,4.1,,"66, 1st Floor, Pushpak, Shyamal Cross Road, Satellite, Ahmedabad - 380015, Opposite Nutan Nagrik Sahakari Bank",
Stuffs Food,+(91)-79-48001311,4.3,,"Shop No 15, 16, Rivera Arcade, Anandnagar Road, Prahladnagar, Ahmedabad - 380015, Near Punjab Honda",
Food Inn Restaurant,+(91)-79-25509512,4.2,,"Lal Darwaja, Ahmedabad - 380001, Opposite Sidi Saiyad Jali, Near Electricity House",
P Bhagat Tarachand,+(91)-79-48999990,4.1,,"FIrst Floor, Shop No 20, 21, Rivera Arcade, 100ft Prahladnagar Road, Prahladnagar, Ahmedabad - 380015, Near Prahladnagar Garden",
Shyam Village Restaurant,+(91)-9426055043,4.3,,"Mahemdavad Road, Hathijan, Ahmedabad - 382445, Opposite Radhe Upvan, Near Anand Niketan School",
Galaxy Banquet and Restaura..,+(91)-79-22818111,4.3,,"1st Floor Galaxy Avenue, National Highway No 8, Naroda, Ahmedabad - 382330, Opposite Galaxy Cinema",
Sankalp Restaurant,+(91)-079-48000595,4.1,,"Shop No 11, Ground Floor, Dev Aurum, 100 Feet Anandnagar Main Road, Prahladnagar, Ahmedabad - 380015, Near Anand Nagar Cross Road",
Mirch Masala,+(91)-079-23972452,4.1,,"Shop No 108, 1st Floor, Vitthal Mall, Gandhinagar Highway, Chandkheda, Ahmedabad - 382424, Near Engineering College",
Darshan Restaurant,+(91)-9327527018,3.8,,"C/o Hotel Darshan, Sardar Patel Ring Road, Naroda, Ahmedabad - 382330, Near Ranasan Toll Tax, Muthiya",
Shivshakti Kathiyawadi Rest..,+(91)-9712092525,4.2,,"Shop No.-1Gangarachna  Corporate Complex, Sabarmati Ashram Road, RTO Circle, Ahmedabad - 380027, Nr.bank Of Maharastra",
Sankalp Restaurant,+(91)-79-26632555,4.1,,"1st Floor, Vishwam Complex, Dharnidhar Cross Road, Paldi, Ahmedabad - 380007, Near Dharnidhar Derasar",
Curries Restaurant,+(91)-079-40009451,4.1,,"1st Floor, Rudra Path Building, Sarkhej Gandhinagar Highway, Bodakdev, Ahmedabad - 380054, Near Rajpath Club",
Posh Urban The Restaurant,+(91)-9727240440,4.1,,"1st Floor, Dev Business Hub, Visat Gandhinagar Road, New C G Road, Chandkheda, Ahmedabad - 382424, Near Government Engineering College",
Rangat Garden Restaurant,+(91)-79-241055,3.6,,"S G Highway, Sola, Ahmedabad - 380060, Opposite Studio Complex, Near Gota Overpass",
Dakshinayan Restaurant,+(91)-79-40022004,4.2,,"Sarthik Complex, Satellite Road, Ahmedabad - 380015, Opposite Fun Republic Ticket Booking",
Shree Marutinandan Restaura..,+(91)-79-27664003,3.8,,"B 58, Rc Technical Road, Chanakyapuri-ghatlodia, Ahmedabad - 380061, Opposite Nirman Power House, Near Dishant Petrol Pump, Ghatlodia",
Prince Bhajipav Corner,+(91)-79-26769163,3.6,,"1  Ground Floor Balaji Avenue, Premchand Nagar to Judges Bungalow Road, Vastrapur, Ahmedabad - 380015, Opposite Gwaliya Sweet",
Honest Restaurant,+(91)-079-27412420,4.1,,"Shop No 36/37/38/39, Ground Floor, R3 Mall, Driving Road, Gurukul Road, Ahmedabad - 380052, Opposite Manav Mandir",
Little Italy Restaurant,+(91)-79-29700444,4.1,,"Block N, Ground Floor, Safal Mondeal Retail Park, Sarkhej Gandhinagar Highway, Bodakdev, Ahmedabad - 380054, Near Iscon Temple, Near Rajpath Club",
Rasna Two,+(91)-079-25468990,4.0,,"4th Floor Shivalik 7 Rambaug, Maninagar, Ahmedabad - 380008, Rambaug Police Station",
Honest Restaurant,+(91)-9712148027,3.6,,"Plot No 257/2, Bagodara Tarapur Highway, Bagodara, Ahmedabad - 382230, Near St Petrol Pump",
Utsav Restaurant,+(91)-79-26634243,4.1,,"Shree Sahajanand Plaza, Paldi, Ahmedabad - 380007, Near Fatehpura, Bhattha",
Tgb Cafe N Bakery,+(91)-079-48983111,4.3,,"Shop No-04. Prakash Park Society, Commerce Six Road, Navrangpura, Ahmedabad - 380009, Near Commerce Six Road, Opposite Swapnil-5",
Hotel Tulsi,+(91)-8905986053,3.9,,"Bagodara, Ahmedabad - 382230, Highway",
Punjab Paratha Point,+(91)-9426878489,4.2,,"Swastik Road, Navrangpura, Ahmedabad - 380009, Near Swastik Cross Road , Near Jain Dairy",
Vintage Village Restaurant,+(91)-79-22981117,4.3,,"Dastan Farm, Sardar Patel Ring Road, Kathwada, Ahmedabad - 382430, Near Kathwada Circle",
Z K Hotel,+(91)-9152892972,4.1,,"Relief Road, Ahmedabad - 380001, Near Electric House Opposite Relief Cinema",
Shree Mahakali Dal Bati,+(91)-8530281971,4.0,,"Sardar Patel Ring Road, Ramol Maninagar, Ahmedabad - 380008, Near Ramol Tol Naka",
Mehmaan Gujarati Cuisine An..,+(91)-79-27492999,4.0,,"First Floor Shivalik Yash Complex, 132 Feet Ring Road, Naranpura Vistar, Ahmedabad - 380013, Near Shastrinagar Brts Bus Stop",
Sher-E-Punjab Restaurant,+(91)-79-22771345,4.1,,"C/O Sher E Punjab Hotel, Khokhara Mehmadabad, Ahmedabad - 380008, Near Khokhra Circle, Opposite Rohit Mill",
We Desi,+(91)-79-48922223,4.2,,"108/9,1st Floor, Venus Atlantis, Anand Nagar Road, Prahladnagar, Ahmedabad - 380015, Opposite Mcdonalds",
Rasna Restaurant,+(91)-79-25468990,4.3,,"Rasna Complex, Maninagar Cross Road, Station Road, Maninagar, Ahmedabad - 380008, Near Dena Bank",
The Secret Kitchen,+(91)-79-71845678,4.1,,"2nd Floor, Times Square 2, Sindhu Bhavan Marg, Thaltej, Ahmedabad - 380054, Beside Avalon Hotel",
Honest Restaurant,+(91)-9687651263,3.7,,"Shop No 1, Ground Floor, Gokuldham Arcade, Sarkhej Sanand Highway, Sanathal, Ahmedabad - 382210, Near Shantipura",
Real Paprika,+(91)-9408031930,3.9,,"1 to 3, 1st Floor, Mallinath Complex, Rajasthan Road, Shahibaug, Ahmedabad - 380004, Opposite Sujata Flats, Jain Clony",
Navjivan Restaurant,+(91)-079-26636473,4.1,,"1st Floor, Swaminarayan Complex, Jain Merchant Society, Mahalaxmi Five Road, Paldi, Ahmedabad - 380007, Near Badshah Dairy",
Subway,+(91)-9898888000,4.1,,"Shop No 8, HSG House, Vijay Cross Road, Navrangpura, Ahmedabad - 380009, Opposite McDonald's",
Kaushals Food Court,+(91)-079-26588702,4.2,,"25, Dashaporwad Society, Adani Cng Pump Lane, Paldi, Ahmedabad - 380007, Behind Paldi Bus Stop",
City Corner,+(91)-079-22804789,3.9,,"S N Decoration, Dehgam Road, Naroda, Ahmedabad - 382330, Opposite Arjun Complex, Near Talawadi",
Tulsi Restaurant,+(91)-79-26300010,4.1,,"1st Floor, Near L D Engineering College,University Road, Gulbai Tekra, Ahmedabad - 380015, Near Passport Office",
Dominos Pizza,,4.1,,"Shop No 5, Ground Floor, Shivalik Plaza, IIM Road, Ambawadi, Ahmedabad - 380006, Opposite AMA, Near Atira Polytechnic, Panjara Pole",
Sphere Lounge,+(91)-79-40250000,4.3,,"C/O Ramada Hotel, Sarkhej Gandhinagar Highway, Satellite, Ahmedabad - 380015, Opposite Prahladnagar Garden",
Gwalia Sweets,+(91)-079-40325858,4.2,,"401, Sunrise Complex, Vastrapur, Ahmedabad - 380015, Near Swaminarayan Temple, Near Mansi Circle",
Radhika S Authentic South I..,+(91)-079-48996677,4.1,,"A-12,Campus Corner 2, Adjacent to Sales India, Prahladnagar, Ahmedabad - 380015, Opposite Prahlad Nagar Garden",
Mirch Masala,+(91)-79-25467442,4.2,,"1st Floor, Prime Square Building, Railway Station Road, Krishnabaug Cross Road, Maninagar, Ahmedabad - 380008, Opposite Ravjibhai Tower, Besides Farki",
Kaka Ni Bhaji Pav And Fast ..,+(91)-9974447885,3.8,,"160/161, Rameshwar Soci., Rajendrapark Cross Road, National Highway No 8, Odhav Gam, Ahmedabad - 382415",
Honest Restaurant,+(91)-9909908000,3.9,,"4-5, Ground Floor, Akshar 3, Sabarmati Gandhinagar Highway, Motera, Ahmedabad - 380005, Near Tapovan Circle, Opposite Radha Swami Satsang, Beside Mcdonald",
Dominos Pizza,,4.2,,"1st Floor, Neel Gagan Plaza, Dr Ambedkar Road, Shahibaug, Ahmedabad - 380004, Opposite Police Commisioner Office, Jain Colony",
Diamond Fry Center & Restau..,+(91)-9723121391,4.1,,"Diamond Aavnue, Gomtipur, Ahmedabad - 380021, Opposite Usha Cinema",
New Freezeland,+(91)-79-25434277,4.1,,"2, Krishna Complex, Kankaria Road, Maninagar, Ahmedabad - 380008, Near Mehta Chawana and Sweets, Rambaug",
Bikanervala Restaurants,+(91)-079-40380923,4.2,,"G-4, Dev Aurum, Anandnagar Road, Prahladnagar, Ahmedabad - 380015, Near Anand Nagar Cross Road",
Toritos Restaurant,+(91)-079-26400730,4.1,,"104/105, Shivalik Building, Panchwati Cross Road, Panchwati, Ahmedabad - 380015, Opposite Bank Of Baroda",
Jalaram Kathiyavadi Dhaba,+(91)-9924340537,4.0,,"G 17, Shilp Arcade, L B S Road, Bapunagar, Ahmedabad - 380024, Near Hiravadi",
Sankalp Restaurant,+(91)-79-26861999,4.3,,"Plot No 3, Sankalp Restaurant, Near Rajpath Club, S.G.Highway,Bodakdev, Sarkhej Gandhinagar Highway, Ahmedabad - 380055, Near Rajpath Club",
Cellad Eatery,+(91)-79-26305533,4.1,,"Top Floor, City Square, University Road, Ahmedabad - 380009, Near Passport Office",
Sankalp Restaurant,+(91)-79-22730794,4.1,,"A/35, Lakhani Chambers, L B Shashtri Road, Bapunagar, Ahmedabad - 380024, Opposite Sukh Sagar Complex, Near Dinesh Chambers",
Jajarmaan Restaurant,+(91)-9909511935,4.1,,"Sindhu Bhavan Road, Bodakdev, Ahmedabad - 380054, Beside Baleshwar Party Plot, Near Gotila Garden",
Dominos Pizza (Kalasagar Sh..,,4.2,,"Shop No 5, Kalasagar Mall, Ghatlodiya, Ghatlodia - 380061, Near Sattadhar Circle, Opposite Sainath Temple",
One Ten Restaurant,+(91)-9033062552,4.2,,"1st Floor, Highway Mall, Chandkheda, Ahmedabad - 382424, Near Satyamev Hospital",
La Pinoz Pizza,+(91)-079-48941717,4.3,,"Shop No 17, Ground Floor, Binali Complex, Aec Cross Rod, Naranpura Vistar, Ahmedabad - 380013, Opposite Torrent Power Office",
Dominos Pizza,,3.9,,"Shop No 1, Ground Floor, Savy Swaraj, Vandematram Road, Gota Gam, Ahmedabad - 382481, Near Jagatpur",
Dadi Dining Hall,+(91)-079-26582227,4.1,,"Iskcon Square, Pritamnagar Road, Paldi, Ahmedabad - 380007, Opposite Kothawala Flat",
Shaahana Restaurant,+(91)-9924811440,4.3,,"1st & 2nd Floor, S G Business Hub, Gota, Sarkhej Gandhinagar Highway, Ahmedabad - 380055, Opposite Punjab National Bank",
Honest Restaurant,+(91)-079-26300119,3.9,,"Shop No 1 & 2, Antrix Complex, Polytechnic Cross Road, Panjrapole, Ahmedabad - 380015, Opposite Kamdhenu Complex",
Candle Light Date N Dinner,+(91)-7046464448,4.2,,"1st Floor, Shivam Complex, H L Collage Road, Navrangpura, Ahmedabad - 380009, Near Red Rose Cafe",
Joy Restaurant-branches Bap..,+(91)-079-22200035,4.2,,"Shop No 3 to 10, Shayona Arcade, India Colony Road, Bapunagar, Ahmedabad - 380024, Opposite Dinesh Chamber, Beside Lachhu Bhaji Pav",
Havmor Restaurant,+(91)-079-65497034,4.1,,"9/10, Aditya Avenue, New C G Road-chandkheda, Ahmedabad - 382424, Near Krishna Bunglows",
Jay Ambe Restaurant,+(91)-9998056258,4.3,,"Sarkhej Gandhinagar Highway, Ahmedabad - 380055, Opposite Wide Angle",
Excite Bite Restaurant,+(91)-9909512753,4.1,,"1st Floor Patel Avenue, Nr- Gurudwara, Thaltej, Ahmedabad - 380054, S G Highway",
Shree Marutinandan Restaura..,+(91)-079-48901830,3.8,,"G-1/2, Dev Aurum, Anand Nagar Cross Road, Satellite, Ahmedabad - 380015, Near Deer Circle, Prahlad Nagar",
Brothers Brand,+(91)-7043944455,4.1,,"Shop No.40,Advait Complex, Sandesh Press Road, Vastrapur, Ahmedabad - 380015, Near Gordhan Hospital",
Bhagyoday Restaurant,+(91)-02717-250403,3.8,,"Sarkhej Bavla Highway, Changodar, Sanand - 382213, Opposite T & R India Ltd",
Rotlo The Dining Hall,+(91)-79-27662120,4.2,,"11, Shiva Arced, R C Technical Road, Ghatlodiya, Ahmedabad - 380061, Near Chanakyapuri",
Ahmedabad 15 Foods,+(91)-8388837394,3.8,,"1, 2, 6, Ground Floor, Neel Deep Complex, Lad Society Road, Vastrapur, Ahmedabad - 380015, Nehrupark",
Raj Thaal,+(91)-7096049991,4.1,,"4 D Square Mall, Motera, Ahmedabad - 380005, Near Visat Circle",
Sankalp Restaurant,+(91)-79-22808181,4.0,,"A 31, Galaxy Avenue, Naroda, Ahmedabad - 382330, Opposite Galaxy Cinema",
Fayrouz,+(91)-79-48407333,4.2,,"Safal Pegasus , 1st Floor , 109 A- Block, Prahladnagar, Ahmedabad - 380015, Behind Jassi Da Paratha",
Saffron,+(91)-79-40160123,3.9,,"5th Floor, Sankalp Square 2, Paldi, Ahmedabad - 380007, Near Kalgi Cross Road, Opposite Old Jalaram Mandir",
Angat 22 The Restaurant And..,+(91)-079-293454,4.0,,"1st Floor, Daffodils Plaza, South Bopal, Ahmedabad - 380058, Near Gala Gymkhana Above Obc  Bank",
Subway,+(91)-079-40025506,4.1,,"B-7,8, Corporate House, Judges Bunglow Road, Bodakdev, Ahmedabad - 380054, Opposite Pakwan Restaurant, Near Pakwan Cross Road",
Havmor Restaurant,+(91)-079-40071199,3.9,,"Ground Floor, 100 Building, Gurukul Road, Drive In Road, Ahmedabad - 380052, Near Manav Mandir & Swaminarayan Mandir & Rajvi Tower & Rajvi Arcade",
Real Paprika,+(91)-079-48937655,4.0,,"A 20, Smita Tower, Gurukul Road, Gurukul, Ahmedabad - 380052, Opposite Auda Gardan, Vishram Nagar",
Jay Nilkanth Food,+(91)-9974253100,3.7,,"7, 8, Ajay Center, Vijay Cross Road, Navrangpura, Ahmedabad - 380009, Opposite Pallavi Raw House, Near Vijay Cross Road",
Alpine Restaurant & Banquet,+(91)-079-40087562,4.0,,"1st Floor ,Rangoli Complex, Ellis Bridge, Ahmedabad - 380006, Opposite V.S. Hospital , Ashram Road",
Das Khaman,+(91)-079-26469949,4.2,,"1, 2, Shalibhadra Complex, Manekbaug Hall Road, Ambawadi, Ahmedabad - 380006, Opposite Jain Derasar, Nehrunagar Circle",
Das Khaman,+(91)-079-65469949,4.2,,"1-2 - Shalibhadra Complex Nehru Nagar, Circle, Ambawadi, Ambawadi, Ahmedabad - 380006, Opposite Jain Derasar",
Pizza Point,+(91)-9726396709,4.0,,"101 to 104, Block A, Push Business Campus, Vastral, Ahmedabad - 382418, Near Vastral Chokdi",
South Indian,+(91)-079-25601343,4.1,,"Cama Road, Khanpur, Ahmedabad - 380001, Near Cama Hotel, Opposite Mistry Chambers",
Candela Restaurant & Banque..,+(91)-79-40380334,4.4,,"1st Floor, Kalasagar Mall, Ghatlodiya, Ahmedabad - 380061, Near Star Bazar",
Kesar Foods,+(91)-079-26761929,4.2,,"G 6, Himalaya Complex, Vastrapur, Ahmedabad - 380015, Near Nehru Park",
Shakti The Sandwich Shop,+(91)-7046555333,4.4,,"11, Samarpan Tower, 132 Feet Ring Road, Naranpura Vistar, Ahmedabad - 380013, Opposite Jaymangal Brts Bus Stand, Near Patidar Motors",
Saheli Inn Restaurant,+(91)-79-26301820,4.5,,"11/12, Janpath Shopping Centre, Azad Society Road, Ambawadi, Ahmedabad - 380006, Behind Sahjanand College",
Bonhomie Restaurant,+(91)-7043954440,4.1,,"Paldi-Bhattha Road, Paldi, Ahmedabad - 380007, Beside Jhalak Complex, Near Anjali Cross Road, Bhatta",
Kabra Travels and Logistics..,+(91)-9377707771,4.1,,"L G 3 A Shaifali Centre, Paldi Cross Road, Paldi, Ahmedabad - 380007, Near Paldi Bus Stand",
Rajkamal Bakery,+(91)-079-25450920,4.4,,"Maninagar, Ahmedabad - 380008, Beside Central Bank, Vallabh Wadi, Jawahar Circle",
Ashray The Restaurant,+(91)-79-27560095,4.0,,"Ashray House, Subhash Bridge, Ahmedabad - 380027, Opposite Collector Office, Near Gandhi Ashram, Rto Circle",
Shayona Dinning Hall,+(91)-79-48008846,4.4,,"136 137 1st Floor Himalaya Arcade, Vastrapur, Ahmedabad - 380015, Opposite Vastrapur Lake Near Petrol Pump",
Shayona Dinning Hall,+(91)-9152164622,4.4,,"136/137 1st Floor Himalaya Arcade, Opposite Vastrapur Lake,Nr Petrol Pump, Vastrapur, Ahmedabad - 380015",
Pushp Restaurant,+(91)-079-65450530,4.1,,"Pushp Bussiness Complex, Vastral Char Rasta, Vastral, Ahmedabad - 382418, Near S. P. Road",
R K Centre,+(91)-79-66051218,4.0,,"Shop 16 & 17 Ground Floor Shree Vijay Complex, Vijay Cross Roads, Navrangpura, Ahmedabad - 380009, Opposite Ozone Show Room",
Fresh N Fresh The Cake Shop,+(91)-9152648035,4.2,,"G-3, Kundalini Complex, Nehrupark, Vastrapur, Ahmedabad - 380015, Opposite Vastrapur Lake",
Kabir Restaurant,+(91)-079-23292429,4.0,,"1st Floor, Parth Avenue, Kalol Highway, Motera, Ahmedabad - 380005, Opposite ONGC",
1944 Restaurant,+(91)-079-29704949,4.1,,"A Shilp Aaron Tower, Ground Floor, Sindhubhavan Marg, Bodakdev, Ahmedabad - 380054",
Cafe Coffee Day,+(91)-79-65050082,4.3,,"Shop No 2, Ground Floor, Sigma Excellence, Nehru Park Road, Vastrapur, Ahmedabad - 380015, Near Management Enclave",
Dana Panee Restaurant,+(91)-79-26614374,4.1,,"Sarkhej Road, Ahmedabad - 380055, Near Vishalla Hotel, Vishala Circle",
Aagrah Gujarati Thali,+(91)-79-23963111,4.1,,"3rd Floor, Shree Balaji Aghora Mall, Chandkheda, Ahmedabad - 382424, Near Between Tapovan to Bhat Circle ,Sughad",
Deepraj De Kulche,+(91)-079-40030828,4.0,,"16 Dev Aurum Complex, Anandnagar Cross Road, Satellite, Ahmedabad - 380015, Opposite Madhur Hall",
Four Food Restaurant,+(91)-9152339031,4.1,,"B 1, New York Tower, Thaltej Cross Road, Sarkhej Gandhinagar Highway, Ahmedabad - 380055, Opposite Muktidham Jain Derasar",
Pizza Tune,+(91)-079-48905766,4.1,,"209, Second Flour, Neelkanth Palace A, Satellite, Ahmedabad - 380015, Opposite Seema Hall",
Ashirwad Restaurant,+(91)-79-25891564,4.1,,"Sarathi Complex, Ctm Road, Jasodanagar, Ahmedabad - 380026, Near Fire Bridage",
New Mehfil Restaurant,+(91)-9978812010,4.2,,"Delhi Darwaja, Ahmedabad - 380004, Out Side Delhi Darwaja, Near Shahibaug Road",
Sunrise Restaurant,+(91)-79-22145601,4.0,,"Kalupur, Ahmedabad - 380002, Opposite Kalupur Railway Station",
Pizza Tune,+(91)-9824440292,3.9,,"G 1/2, Jyoti Plaza, 132 Ring Road, Satellite, Ahmedabad - 380015, Near Murlidhar Dairy,  Shivranjini",
Red Apple Restaurant & Banq..,+(91)-79-27402080,4.1,,"Shop No 1, Basement, Gulab Complex, Thaltej, Ahmedabad - 380054, Opposite J G International School Behind Gulab Tower",
One Ten Restaurant,+(91)-9033080110,4.2,,"1st Floor, Barcelona Campus, Odhav Gam, Ahmedabad - 382415, Opposite S P Ring Road BRTS, Near Odhav Circle",
Cafe Coffee Day,+(91)-79-65050081,4.1,,"Azad Building, Ashram Road, Ahmedabad - 380006, Opposite Hotel Starottle",
Honest Restaurant,+(91)-9909900041,3.9,,"Shop No 1-6, Samarpan Arcade, Sardar Patel Ring Road, Bopal, Ahmedabad - 380058, Opposite Subway Restaurant",
Mewad Dabeli & Snacks,+(91)-079-26468122,4.2,,"Shop No 6, Sun Complex, Commerce Vijay Road, Navrangpura, Ahmedabad - 380009, Opposite Jain Upasharay, Behind Hanuman Temple",
Madhavrao,+(91)-79-48902134,4.1,,"8,9 Parshavnath Business Park ,, Prahlad Nagar Road, Prahladnagar, Ahmedabad - 380015, Next to Maruti Nexa Showroom",
New Irani Restaurant,+(91)-79-25351047,4.3,,"1377, Khas Bazar, Salapose Road, Ahmedabad - 380001, Opposite Sunehri Masjid",
Sankalp Restaurant,+(91)-9228044440,4.0,,"Shop No B 1, Ground Floor, Amrapali Axiom, Bopal, Ahmedabad - 380058, Opposite Bopal to Ghuma Cross Road, Near ICICI Bank",
Real Paprika,+(91)-9974614147,3.8,,"G 6/7, Ground Floor, Chirag Diamond Estate, Shyam Shikhar to Memco Road, Lal Bahadur Shashtri Road, Bapunagar, Ahmedabad - 380024, Opposite Hero Showroom, Near D Mart",
The Chocolate Room,+(91)-079-48908517,4.1,,"Shop No 6, Campus Corner 2, 100 Feet Anandnagar Road, Satellite, Ahmedabad - 380015, Near Prahlad Nagar Garden",
Gamthi Restaurant,+(91)-9712975415,3.8,,"Nana Chiloda Ring Road, Vadodara Highway, Nana Chiloda, Ahmedabad - 382330, Behind Geb Sub Station",
Honest Restaurant,+(91)-8460303020,3.7,,"Galaxy Mall Road, Naroda, Ahmedabad - 382330, Opposite Kailash Petrol Pump, Beside Dominos Pizza",
Khichdi Etc,+(91)-8155850850,4.3,,"Shop No 18, 1st Floor, Campus Corner 1, Satellite, Ahmedabad - 380015, Opposite Sales India, Near Prahladnagar Garden",
Hotel Rajpath,+(91)-079-26860780,4.3,,"Opp Iscon Mega Mall S.G Highway,Satallite, Nr. Iscon Circle, Sarkhej Gandhinagar Highway, Ahmedabad - 380055, Opp. Iscon Mega Mall",
Pizza Zone,+(91)-9998998666,4.0,,"103, 1st Floor, Yash Pinnacle, Paldi, Ahmedabad - 380007, Near Anjali Cross Road, Paldi Bhattha",
Kailash Parbat,+(91)-079-48008030,3.8,,"Unit No 7, Silver Radiance Building, Bodakdev Sindhu Bhawan Road, Bodakdev, Ahmedabad - 380054, Near Pakwan Cross Road",
Shree Marutinandan Restaura..,+(91)-7043181831,3.8,,"Ground Floor, Sopan Palladium, Subhash Bridge, Ahmedabad - 380027, RTO Circle",
Radhe Restaurant & Banquet,+(91)-9909273273,4.2,,"Anand -I Pride, Visat Tapovan Circle Road, Motera, Ahmedabad - 380005, Besides Dwarkesh Business Hub,Near Ashok Vihar Circle",
Lil Heaven Cafe,+(91)-8155825825,4.2,,"108/109, Harmony Icon Complex, Bagban Cross Road, Zydus Hospital Road, Thaltej, Ahmedabad - 380059",
Real Paprika,+(91)-6351820622,3.8,,"G- 8, Swapnil 5, Navrangpura, Ahmedabad - 380009, Near Commerce Circle, Beside Royal Enfield Showroom",
Premvati Swaminarayan Veget..,+(91)-7069060884,4.4,,"Mansi Circle, Ahmedabad - 380015, Vastrapur",
Honest Restaurant,+(91)-9638804045,3.7,,"Shop No A 1,2,3, Tirth Jyoti Plaza, Subhash Bridge, Ahmedabad - 380027, Near RTO Circle",
Hyderabadi Biryani,+(91)-79-26870547,4.0,,"Block A, Krishna Commercial Complex, Sarkhej Gandhinagar Highway, Bodakdev, Ahmedabad - 380054, Opposite Devashish School",
Najranu Amdavad Nu,+(91)-9879064909,3.9,,"Opposite India Colony, Swaminarayan Gurukul Road, Hathijan, Ahmedabad - 382445, Near Old Jakatnaka",
Cakes N Bakes,+(91)-079-26303578,4.1,,"2, Ground Floor, Goyal Tower, University Road, Ambawadi, Ahmedabad - 380006, Near Panjrapole",
Dhoom Dhaam,+(91)-79-26857801,4.2,,"4, Ground Floor, Sumel Complex, Sarkhej Gandhinagar Highway, Thaltej, Ahmedabad - 380054, Opposite Gnfc Towers, Near Pakwan Cross Road",
Honest Restaurant,+(91)-079-26766168,4.0,,"Shop No 8, Krishna Complex, 100 Feet Ring Road, Satellite, Ahmedabad - 380015, Opposite Associate Petrol Pump, Anand Nagar",
Prince Restaurant & Banquet,+(91)-079-27432058,3.9,,"16, Vinimay Commercial Centre, Sunder Nagar Cross Road, Ankur Road, Naranpura Vistar, Ahmedabad - 380013, Near Manish Hall",
The Cafe Baraco,+(91)-079-48902384,3.9,,"20, Dev Aurum, Prahladnagar, Ahmedabad - 380015, Near Anand Nagar Road",
Udipi Jaya Restaurant,+(91)-079-25508171,4.2,,"Prabha Palace, Lal Darwaja, Ahmedabad - 380001, Near Maharashtra Bank",
Divine Dine Restaurant & Ba..,+(91)-79-40043440,4.1,,"1st Floor, 4d Square Mall, Visat Gandhinagar Road, Motera, Ahmedabad - 380005, Opposite Government Engineering College",
Sankalp Restaurant & SAMs P..,+(91)-079-48000586,4.0,,"64, 4d Squre Mall, Gandhinagar Visat Highway Road, Motera, Ahmedabad - 380005, Below PVR Cinema",
Wok On Fire,+(91)-8141922522,3.9,,"1, Aeon Complex, Vijay Cross Road, Navrangpura, Ahmedabad - 380009, Opposite Navkar Institute",
Parosa,+(91)-8758559900,3.8,,"Shop 2,Ground Floor,Silver Radiance, Sindhubhavan Road, Bodakdev, Ahmedabad - 380054, Near Pakwan Cross Road , Sindhubhavan Road",
Khichdi Etc,+(91)-8155853853,4.3,,"1st Floor,Hotel Mansarovar, Maninagar Railways Road, Maninagar, Ahmedabad - 380008, Opposite Maninagar Railway Station",
The Belgian Waffle Co,+(91)-8141216433,4.3,,"Shop No 6, Sunrise Park, Sandesh Press Road, Vastrapur, Ahmedabad - 380015, Near Sandesh Press, Opposite Advait Complex",
Gayatri Restaurant,+(91)-79-25894290,4.1,,"Rudraksh-Ll, Mahemdabad Road, Vatva, Phase-3, G. I. D. C, Vatva GIDC, Ahmedabad - 382445, Near Gopal Petrol Pump",
Kasturi Dining Hall,+(91)-079-65430623,4.1,,"1st Floor, Netra Palace, Paldi Cross Road, Paldi, Ahmedabad - 380007, Near Hotel Building",
Sankalp Restaurant,+(91)-9825113220,4.0,,"102, Empire Hub, Ghodasar, Ahmedabad - 380050, Near Ghodasar BRTS Cross Road, Near Samruti Temple",
Handi Restaurant,+(91)-79-27557278,4.0,,"Shop No 5, Ground Floor, Ghanshyam Chambers, Subhash Bridge, Ahmedabad - 380027, Opposite Rto, Subhashbridge Circle",
Real Paprika,+(91)-9595954959,3.9,,"Shop No. 22, 23,Super Plaza, Near Sandesh Press Road, Vastrapur, Ahmedabad - 380015",
Punjab Da Tadka,+(91)-2714-248008,4.2,,"1-10, Adinath Complex, Dholka, Ahmedabad - 382225, Opposite Dholka Gidc",
Madhuli Hotel And Garden Re..,+(91)-9824091757,4.1,,"Vashnavdevi Circle, Vaishno Devi Circle, Ahmedabad - 382481, Opposite Vaishno Devi Temple, Near Gunjan Party Plot",
Tandoor Palace Restaurant,+(91)-79-22869136,3.9,,"Sai Leela Complex, Airport Road, Sardar Nagar, Ahmedabad - 382475, Near Sofitel Ummed Hotel, Near Talavadi",
Shivam Snacks,+(91)-7405044433,3.9,,"Shop No 18/19/120, Vandemataram Cross Wind, New S G Road, Gota Road, Ahmedabad - 382481, Opposite Vandematram Icon",
Mayur Restaurant,+(91)-79-22930429,4.2,,"Shop No. 3 to 15, A Block, Radhe Shopping Mall, Khokhara Mehmadabad, Ahmedabad - 380008, Near Khokhra Cirlcle, Above State Bank Of India",
New Freezeland,+(91)-9925114114,4.1,,"Ground Floor, Elanza Vertex, Sindhu Bhavan Road, Bodakdev, Ahmedabad - 380054, Behind Armieda",
William Johns Pizza,+(91)-079-69490505,3.5,,"Shop No-72/73 ,Ground Floor, Alfa Bazar, Gls Collage Road, Navrangpura, Ahmedabad - 380009, Opposite Law Garden Cross Road, Law Garden",
Rajdhani Hotel,+(91)-02713-223492,3.7,,"Ahmedabad Bhavnagar Highway, Dhandhuka, Ahmedabad - 382460, Near Government Circuit House, Opposite Akshar Petrol Pump",
The Abhilasha Restaurant,+(91)-79-26302800,4.1,,"1st Floor, Ronak Complex, Prajrapole Cross Road, Ambawadi, Ahmedabad - 380006, Opposite Kamdhenu Complex",
Patel Wadi Garden Restauran..,+(91)-8460046006,4.0,,"Ambali Road, Bopal, Ahmedabad - 380058, Opposite Landmark Honda",
Birmies,+(91)-079-48483030,4.3,,"Shop 3 & 4 , Empire Business Hub, Science City Road, Sola, Ahmedabad - 380060, Near Water Tank",
Neelkanth Restaurant,+(91)-79-22740613,4.1,,"Rakhial Road, Rakhial, Ahmedabad - 380023, Opposite Octroi Naka, Near Ajit Mill Cross Road",
Liliwadi The Test Of Kathya..,+(91)-9979855307,4.1,,"S P Ring Road, Nikol, Ahmedabad - 380024, Near, Marigold Restaurant",
William Johns Pizza,+(91)-7043014141,3.7,,"118-119, Orchid Tower, South Bopal, Bopal, Ahmedabad - 380058, Near Safl Parisar 2",
Jay Vijay Restaurant & Dini..,+(91)-79-22114400,4.0,,"Reid Road, Kalupur, Ahmedabad - 380002, Opposite Kalupur Railway Station",
