Jawed Habib Hair Studio,+(91)-9152479789,4.8,,"17 Dhananjay Tower, Shyamal Cross Road, Satellite, Ahmedabad - 380015",
Cher Hair And Beauty Lounge,+(91)-9152129979,4.2,,"205,206 Arista, Sindhu Bhavan Road, Bodakdev, Ahmedabad - 380054, Opposite HOF Showroom",
Bestie Beauty Salons LLP,+(91)-079-29707374,4.3,,"Shop No: 7, Parshwanath Business Park, Next to Mondeal Corner, Prahladnagar, Ahmedabad - 380015, In Front Of KFC",
Jawed Habib Hair & Beauty S..,+(91)-9152911610,4.2,,"102, Gold Leaf, Chimanlal Girdharlal Road, Navrangpura, Ahmedabad - 380009, Opposite Tomatos Restaurant, Near GLS University Gate -4",
Trio Salon & Academy,+(91)-9152467427,5.0,,"A/05, Premchand Nagar Society, Premchand Nagar Road, Satellite, Ahmedabad - 380015, Near Maruti Courier",
Zion Salons,+(91)-8141234567,4.1,,"G-2, Addor Aspire, Near Jhanvee Restaurant, University Road, Ahmedabad - 380009, Opposit Skylon Tower",
J & K Signature Salon,+(91)-9152890544,3.5,,"G-25, Marigold, Safal Parisar Road, South Bopal, Ahmedabad - 380058, Near Sobo Center",
Ziva Unisex Salon,+(91)-9152591196,3.8,,"Shop No. F-10, 1st Floor, Krishna Complex, Premchand Nagar Road, Bodakdev, Ahmedabad - 380054, Opposite Devashish Business Park, Near Mocha Cafe",
Pink Salon,+(91)-9152107752,4.6,,"1 & 2, 1st Floor, Manmandir Complex, Bopal Main Road, Bopal, Ahmedabad - 380058, Opposite State Bank Of India",
Royal Family Spa,+(91)-9152365023,4.4,,"45, Rudra Complex, Near NRI Tower, Opposite Pride Hotel, Judges Bungalow Road, Satellite, Ahmedabad - 380015, Above Q Land Pan Parlour",
The Beauty Nest Unisex Salo..,+(91)-9152672019,4.8,,"124, Pearl Plaza, Haridarshan Cross Road, Nava Naroda, Ahmedabad - 382330, Nr Maharshi Sandipani School,",
The Hair Affair,+(91)-9152289065,4.5,,"Shop No. 22 , Vraj Vihar 5, Prernatirth Derasar Road, Satellite, Ahmedabad - 380015, Opposite Gloria Restaurant",
B&b Salon And Nails,+(91)-9152169886,4.5,,"Shop No.1, Ground Floor, ABC-2, ST Xaviers Corner, Navrangpura, Ahmedabad - 380009, Opposite Waghbakri Tea Lounge",
Heaven Beauty Salon,+(91)-7600606833,5.0,,"Shop No 11, Padmavati Recidency, Shilaj, Ahmedabad - 380058, Next to Kaveri Sangam",
Bestie Beauty Salons LLP,+(91)-079-29707374,4.3,,"Shop No: 7, Parshwanath Business Park, Next to Mondeal Corner, Prahladnagar, Ahmedabad - 380015, In Front Of KFC",
Spotlight Makeup Studio & S..,+(91)-9152193655,5.0,,"2, Ratnaakar Halcyon, Satellite, Ahmedabad - 380015, Opposite Hind Supermarket, Near Preranatirth Derasar",
Zion Salons,+(91)-8141909000,4.2,,"Ozone Desire, Thaltej Hebatpur Road, Thaltej, Ahmedabad - 380054, Near Ganesh Corporate Mouse",
Zion Salon,+(91)-7600077990,3.9,,"Rajpath Club, S G Highway Road, Sarkhej Gandhinagar Highway, Ahmedabad - 380055",
Lakme Salon,+(91)-9152911094,5.0,,"Shop No 27, Ground Floor, Maple Tree Complex, Thaltej, Ahmedabad - 380054, Near Surdhara Circle, Near Sal Hospital",
Twistyle Salon,+(91)-9152165687,4.8,,"103, 1st Floor, Orchid Centre, South Bopal, Ahmedabad - 380058, Near Sobo Centre, Opposite Safal Parisar I",
Twistyle Salon,+(91)-9152165687,4.8,,"103, 1st Floor, Orchid Centre, South Bopal, Ahmedabad - 380058, Near Sobo Centre, Opposite Safal Parisar I",
Elysian The Unisex Salon,+(91)-9152767250,4.9,,"Shop No 9, Vraj Vihar 3, Prernatirth Derasar Road, Satellite, Ahmedabad - 380015, Opposite Ashok Nagar",
Aks Salon For Women,+(91)-9152157781,4.4,,"F/221, Sobo Center, Bopal, Ahmedabad - 380058, South Bopal",
Candy Nails,+(91)-9152157628,4.4,,"Ground Floor Jupiter Tower, Atithi Dining Hall Lane, Bodakdev, Ahmedabad - 380054, Next to Blush Boutique",
Elle Hair and Skin Studio,+(91)-9152166313,3.9,,"C-1, Himalaya Arcade 1, Vastrapur, Ahmedabad - 380015, Opposite Vastrapur Lake, Near Kalupur Co Op Bank",
Glamour Hair & Beauty,+(91)-9152140273,4.6,,"Shop No 1 B, The Corner, Naminath Nagar Society, Nehrunagar to Satellite Road, Satellite Road, Ahmedabad - 380015, Near Bikanerwala, Opposite Kanchandeep Tower",
Lakme Salon,+(91)-79-7948924317,4.6,,"9, Ground Floor, Shangrila Arcade, 100ft Ring Road, Shyamal, Ahmedabad - 380015, Near Shyamal Cross Road",
J & K Signature Salon,+(91)-9152890544,3.5,,"G-25, Marigold, Safal Parisar Road, South Bopal, Ahmedabad - 380058, Near Sobo Center",
Stylin Chic - The Unisex Sa..,+(91)-9152635542,3.5,,"Shop No. 121, Angel Arcade, Ring Road, Opp. National Handloom, Nikol Gam, Ahmedabad - 382350, Near Palm Hotel",
Haircrew Unisex Salon,+(91)-9152360463,4.8,,"Shop No. 3, Ground Floor, Iscon Emporio,, Near Jodhpur Cross Roads,, Satellite, Ahmedabad - 380015, Besides Star Bazar, Behind Pantaloons",
Lakme Salon,+(91)-9152133343,4.8,,"A-110 Ratnakar Ninth Square, Vastrapur, Ahmedabad - 380015, Opp. Keshav Baug Party Plot",
Adorn Hair & Beauty,+(91)-9152166568,4.2,,"First Floor 7 Shantiniketan 2, Nikol, Ahmedabad - 380024, Near Rajhans Cinema",
Arise Beauty Saloon,+(91)-9152175792,4.9,,"F/3 Suruchi Complex, Vikash Gruh Road, Paldi, Ahmedabad - 380007, Above Reliance Fresh Near Ashoknagar Bus Stop",
Yalan Salon N Spa,+(91)-9152119664,4.2,,"Shop No 126, Orchid Center, Gala Gym Khana Road, South Bopal, Ahmedabad - 380058, Opposite Safal Parisar 2",
Jophiel Angel Beauty Salon,+(91)-9152307791,4.8,,"Shop 405,406 4th, floor Omkar plaza,beside town plaza, Nikol, Ahmedabad - 380024, Opposite bhakti circle",
Jawed Habib Hair & Beauty S..,+(91)-9152122243,4.0,,"Himalya Mall Ground Floor, Drive In Road, Vastrapur, Ahmedabad - 380015",
Shahs Salon,+(91)-8160469575,4.3,,"102, Mangalya Square, Opposite Sarswati Primary School, Maninagar, Ahmedabad - 380008, Jay Hind Char Rasta",
The Enox Salon,+(91)-9152140220,4.4,,"First Floor, Mangalmurti Complex, Ghodasar, Ahmedabad - 380050, Opposite Ghodasar Brts Stop, Near Vaibhav Hall",
Spotlight Makeup Studio & S..,+(91)-9152193655,5.0,,"2, Ratnaakar Halcyon, Satellite, Ahmedabad - 380015, Opposite Hind Supermarket, Near Preranatirth Derasar",
The Hair Masters Hair & Bea..,+(91)-9152461483,4.4,,"Ground Floor, Shree Asrasur Building, Gulbai Tekra, Ahmedabad - 380015, Opposite Tulsi Restaurant, Near Passport Office",
The Hair Affair,+(91)-9152289065,4.5,,"Shop No. 22 , Vraj Vihar 5, Prernatirth Derasar Road, Satellite, Ahmedabad - 380015, Opposite Gloria Restaurant",
Glitzz Womens Salon Only Fo..,+(91)-9152881518,4.4,,"Shop No. GF-9, Centaur Complex, Near Vijay Cross Roads, Navrangpura, Ahmedabad - 380009, Below Navrang Restaurant",
The Beauty Nest Unisex Salo..,+(91)-9152672019,4.8,,"124, Pearl Plaza, Haridarshan Cross Road, Nava Naroda, Ahmedabad - 382330, Nr Maharshi Sandipani School,",
Enhance Family Salon & Acad..,+(91)-9152385749,4.7,,"14, 1St Floor,Rivera Arcade,Near Paras Bunglows, Prahladnagar, Ahmedabad - 380015, New Stuffs Food",
Arise Beauty Saloon,+(91)-9152175792,4.9,,"F/3 Suruchi Complex, Vikash Gruh Road, Paldi, Ahmedabad - 380007, Above Reliance Fresh Near Ashoknagar Bus Stop",
Cloud 9 Salon,+(91)-9152101687,4.4,,"S 2 Second Floor Alpha One Mall, Vastrapur, Ahmedabad - 380015, Near Vastrapur Lake",
Q2 Spalon,+(91)-9152180394,4.5,,"101 Ashwamegh Elegance-2, Near Chhadawad Police Chowky, Ambawadi, Ahmedabad - 380006, Opposite Kalyan Jewellers Ambawadi Circle",
Spotlight Makeup Studio & S..,+(91)-9152193655,5.0,,"2, Ratnaakar Halcyon, Satellite, Ahmedabad - 380015, Opposite Hind Supermarket, Near Preranatirth Derasar",
Ronak Hair and Beauty Parlo..,+(91)-9152707340,4.4,,"Shop No -29, 32, 2nd Floor,Ankit Complex, Opposite Nutan School, Ghatlodiya, Ahmedabad - 380061, Near Prabhat Chowk",
Roops The Family Salon,+(91)-9152169971,4.4,,"6 & 7, 1st Floor, Gopal Krishna Society, Bapunagar, Ahmedabad - 380024, Opposite Devraj Mall, India Colony Aproch",
Enhance Salon,+(91)-9152170255,3.9,,"120, First Floor, Shajand Palce, 100 Feet Road, Satellite, Ahmedabad - 380015, Opposite Rahul Tower",
KESH KALA SALON,+(91)-79-27681993,4.1,,"Sardar Patel Colony, Opp Sardar Patel  Statue, Naranpura Vistar, Ahmedabad - 380013, Beside Hind Provision Store",
Adorn Hair and Beauty,+(91)-79-22741114,4.3,,"A 57 and 58, 1st Floor, India Colony Road, Bapunagar, Ahmedabad - 380024, Beside Raymond Shop",
The Enox Salon,+(91)-9152140220,4.4,,"First Floor, Mangalmurti Complex, Ghodasar, Ahmedabad - 380050, Opposite Ghodasar Brts Stop, Near Vaibhav Hall",
Resurrection Hair And Beaut..,+(91)-9913376664,4.8,,"56-Prarthna Vihar Society, Manekbag, Ahmedabad - 380015",
Jophiel Angel Beauty Salon,+(91)-9152307791,4.8,,"Shop 405,406 4th, floor Omkar plaza,beside town plaza, Nikol, Ahmedabad - 380024, Opposite bhakti circle",
Shadow The Salon,+(91)-9152901224,4.1,,"101/102, Earth Complex, 100ft Road, Satellite, Ahmedabad - 380015, Opposite Kanak Kala 1, Near Seema Party Plot",
Jd Studio,+(91)-8469761177,4.9,,"Shop No-24,GF,Super Plaza, Sandesh Press Road, Vastrapur, Ahmedabad - 380015",
Lakme Salon,+(91)-9152133343,4.8,,"A-110 Ratnakar Ninth Square, Vastrapur, Ahmedabad - 380015, Opp. Keshav Baug Party Plot",
Le Atmos Salon,+(91)-9152891117,5.0,,"10/11, West Face,, Zydus Hospital Road,, Thaltej, Ahmedabad - 380059, Nr.Baghban Party Plot,",
Resurrection Hair And Beaut..,+(91)-9913376664,4.8,,"56-Prarthna Vihar Society, Manekbag, Ahmedabad - 380015",
Adorn Hair and Beauty,+(91)-79-22741114,4.3,,"A 57 and 58, 1st Floor, India Colony Road, Bapunagar, Ahmedabad - 380024, Beside Raymond Shop",
Puspanjali Salon,+(91)-9152241715,5.0,,"2 Pravin Appartments, Saint Xaviers College Road, Navrangpura, Ahmedabad - 380009",
Anand The Unisex Salon,+(91)-9152193260,4.5,,"Shop No 5 Shreenath Complex, S P Ring Road,New Shahibag, Nana Chiloda, Ahmedabad - 382330, Opp Lubi Compny",
Ronak Family Saloon,+(91)-9152157708,4.4,,"Shop No 7 Vishvash City 6, New Prahlad Nagar Road, Gota Road, Ahmedabad - 382481, Behind Vodafone Tower",
Glam Studios,+(91)-9152603206,4.9,,"Shop No-3/4,  Avani Square, Manoharvilla Cross Road, Nava Naroda, Ahmedabad - 382330, Near Janseva Kendra",
Haircrew Unisex Salon,+(91)-9152360463,4.8,,"Shop No. 3, Ground Floor, Iscon Emporio,, Near Jodhpur Cross Roads,, Satellite, Ahmedabad - 380015, Besides Star Bazar, Behind Pantaloons",
New Looks Unisex Saloon,+(91)-9152391855,3.5,,"A/170, Sakar 7, Nehru Bridge Corner, Ashram Road, Ahmedabad - 380006, Near Patang Hotel , Near Pleasure Trove Restaurant",
Artist Hair & Beauty,+(91)-9152339389,4.9,,"Shop No 4, Ground Floor, Rajyash Reevera, Swaminarayan Park Road, Vasna, Ahmedabad - 380007, Behind G B Shah College",
Lakme Salon,+(91)-9152166206,4.5,,"Shop No. 39, 1st Floor, 4D Square Mall, Visat Gandhinagar Highway, Chandkheda, Ahmedabad - 382424, Opposite Vishwakarma Engineering College",
Lakme Salon,+(91)-9152166206,4.5,,"Shop No. 39, 1st Floor, 4D Square Mall, Visat Gandhinagar Highway, Chandkheda, Ahmedabad - 382424, Opposite Vishwakarma Engineering College",
Arise Beauty Saloon,+(91)-9152175792,4.9,,"F/3 Suruchi Complex, Vikash Gruh Road, Paldi, Ahmedabad - 380007, Above Reliance Fresh Near Ashoknagar Bus Stop",
Avalon Spa And Salon,+(91)-9152104903,4.3,,"202, Rudra Plus, C.G Road, C G Road, Ahmedabad - 380009, Opposite Girish Coldrink Cross Road",
Shree Hair & Beauty Care,+(91)-9152970230,4.8,,"E/303, Tivoli Godrej Garden City, Gota Road, Ahmedabad - 382481, Near Nirma University",
Essentials The Unisex Salon,+(91)-9152387715,4.1,,"FF - 52, 4D Square Mall, Visat Gandhinagar Highway, Motera, Ahmedabad - 380005, Near PVR Cinemas 4d Square Mall",
Yk Creation Family Salon,+(91)-9152339685,4.8,,"103, 1st Floor, SBTC Building, Gala Gymkhana Road, South Bopal, Ahmedabad - 380058, Near Aaryan Gloria",
navya beauty salon,+(91)-9152176292,3.5,,"60/ Ranchodray Nagar, Jagatpur, Ahmedabad - 382470",
Memsaab Beauty Studio,+(91)-9152129839,3.8,,"Shop No B 1, Manorath Flats, Commerce Six Roads, Navrangpura, Ahmedabad - 380009, Near Honest Bhaji Pav, Opposite I M Natural Cafe",
Pushp Family Salon,+(91)-9152431772,4.8,,"Shop No C 12, Pushp Business Campus, Sp Ring Road, Vastral, Ahmedabad - 382418, Vastral Metro Station",
Coronation Family Salon,+(91)-9152165810,4.5,,"1st Floor MS Corner, Shah Alam, Ahmedabad - 380028, Near Swami Narayan College Sah Aalam Tolnaka",
Maitry Beauty Parlour & Cla..,+(91)-9152857802,4.8,,"Shop No, B/3 Bhakti Nagar Complex, Ranip, Ahmedabad - 382480, Near Ramji Mandir Road, Near Charta Chhaya Gas Agency",
Latest Salon,+(91)-9152165372,4.6,,"6 First Floor Shanti Arcade, 132 Feet Road, Naranpura Vistar, Ahmedabad - 380013, Opposite Jay Mangal Brts Bus Stand",
Vipin Professional Family S..,+(91)-9152608987,4.4,,"Shop No 4, Nala Complex, Shahibaug Dufnala, Shahibaug, Ahmedabad - 380004, Near Vasant Vihar Tower",
Anand The Unisex Salon,+(91)-9152193260,4.5,,"Shop No 5 Shreenath Complex, S P Ring Road,New Shahibag, Nana Chiloda, Ahmedabad - 382330, Opp Lubi Compny",
Shree Hair & Beauty Care,+(91)-9152970230,4.8,,"E/303, Tivoli Godrej Garden City, Gota Road, Ahmedabad - 382481, Near Nirma University",
Glam Studios,+(91)-9152603206,4.9,,"Shop No-3/4,  Avani Square, Manoharvilla Cross Road, Nava Naroda, Ahmedabad - 382330, Near Janseva Kendra",
navya beauty salon,+(91)-9152176292,3.5,,"60/ Ranchodray Nagar, Jagatpur, Ahmedabad - 382470",
Allure The Family Salon,+(91)-9725611512,3.5,,"Shop No F 19 Shakti Arcade, Science City Road, Sola, Ahmedabad - 380060, Opposite Auda Water Tank Above ICICI Bank",
Avalon Spa And Salon,+(91)-9152104903,4.3,,"202, Rudra Plus, C.G Road, C G Road, Ahmedabad - 380009, Opposite Girish Coldrink Cross Road",
Look Zone The Family Salon ..,+(91)-9152169780,3.8,,"Inside Inder Residency Hotel, Ellis Bridge, Ahmedabad - 380006, Opposite Gujarat College",
Memsaab Beauty Studio,+(91)-9152129839,3.8,,"Shop No B 1, Manorath Flats, Commerce Six Roads, Navrangpura, Ahmedabad - 380009, Near Honest Bhaji Pav, Opposite I M Natural Cafe",
Enhance Family Salon & Acad..,+(91)-9152385749,4.7,,"14, 1St Floor,Rivera Arcade,Near Paras Bunglows, Prahladnagar, Ahmedabad - 380015, New Stuffs Food",
Coronation Family Salon,+(91)-9152165810,4.5,,"1st Floor MS Corner, Shah Alam, Ahmedabad - 380028, Near Swami Narayan College Sah Aalam Tolnaka",
Jd Studio,+(91)-8469761177,4.9,,"Shop No-24,GF,Super Plaza, Sandesh Press Road, Vastrapur, Ahmedabad - 380015",
Lakme Salon,+(91)-9152166206,4.5,,"Shop No. 39, 1st Floor, 4D Square Mall, Visat Gandhinagar Highway, Chandkheda, Ahmedabad - 382424, Opposite Vishwakarma Engineering College",
Latest Salon,+(91)-9152165372,4.6,,"6 First Floor Shanti Arcade, 132 Feet Road, Naranpura Vistar, Ahmedabad - 380013, Opposite Jay Mangal Brts Bus Stand",
Avalon Spa And Salon,+(91)-9152104903,4.3,,"202, Rudra Plus, C.G Road, C G Road, Ahmedabad - 380009, Opposite Girish Coldrink Cross Road",
Glam Studios,+(91)-9152603206,4.9,,"Shop No-3/4,  Avani Square, Manoharvilla Cross Road, Nava Naroda, Ahmedabad - 382330, Near Janseva Kendra",
Cloud 9 Salon,+(91)-9152327815,3.7,,"Ground Floor 2 Sumeru Centre, Suvidha Cross Road, Navrangpura, Ahmedabad - 380009, Opposite Karnavati Pagarkha Bazaar",
Krishna Hair Salon,+(91)-9152155595,3.8,,"Shop No 2, Groung Floor, Hirabaug Part 2, C P Nagar Road, Ghatlodiya, Ahmedabad - 380061, Opposite Alkapuri Society",
Up To Date Salon & Academy,+(91)-79-26744445,3.9,,"C N Parimal Circle, Ambawadi, Ahmedabad - 380006, Opposite Airtel Care and Century Bazaar  Near Central Mall",
Krishna Hair Salon,+(91)-9152155595,3.8,,"Shop No 2, Groung Floor, Hirabaug Part 2, C P Nagar Road, Ghatlodiya, Ahmedabad - 380061, Opposite Alkapuri Society",
Ronak Family Saloon,+(91)-9152157708,4.4,,"Shop No 7 Vishvash City 6, New Prahlad Nagar Road, Gota Road, Ahmedabad - 382481, Behind Vodafone Tower",
Saatviki Wellness,+(91)-9152178776,2.9,,"Co Hotel The Ummed, SVP Airport, Ahmedabad - 382475, Near Airport Circle",
Lakme Salon,+(91)-6352199422,4.1,,"105, Silver Residence, Sindhu Bhavan Road, Bodakdev, Ahmedabad - 380054, Near Pakvan Cross Road",
Jenex The Unisex Salon,+(91)-79-25811040,4.7,,"Shop No J 29 Dev Castle, Jaymala Society Road, Isanpur, Ahmedabad - 382443, Opposite Radhe Kishan Complex, Govindwadi",
Gozel Salons,+(91)-9624442299,4.0,,"Gf-11 SETU Square, New C G Road, Chandkheda, Ahmedabad - 382424, Nr.  Sakar School",
Kapils Salon,+(91)-79-48002906,4.6,,"S/33 2nd Floor Alpha One Mall, Bodakdev, Ahmedabad - 380054, Near Vastrapur Lake",
Shades Of Blackk Spalon,+(91)-079-40074090,4.2,,"24/25, Galaxy Bazaar, Sunrise Park Road, Vastrapur, Ahmedabad - 380015, Near Gopinath Society, Opposite Sunrise Park",
Bellezza The Salons,+(91)-79-30136982,3.9,,"Shop No 1, 2, Ground Floor, Block B, Shivalik Plaza, Ambawadi, Ahmedabad - 380006, Opposite Ama Centre, Panjra Pole",
Enrich Salon,+(91)-9727945976,4.2,,"Ground Floor, Acumen, University Road, Ahmedabad - 380009, Next to CCD, Near By Old Passport Office",
Enrich Salon,+(91)-8238028557,4.2,,"Shop No 13, Shangrila Arcade, Shyamal, Ahmedabad - 380015, Near Shayamal Cross Road",
Enrich Salon,,4.1,,"Shop B, Ground Floor, Mondeal Square, Off S G Highway, Prahladnagar, Ahmedabad - 380015, Opposite Honest Restaurant",
Enrich Salon,+(91)-9099593000,4.1,,"Shop B Monbeal Fuuare Off S G  Haighway Prahladnagar, Prahladnagar, Ahmedabad - 380015, Naear Nexa Show Room",
LB The Hair Studio,+(91)-7878464710,4.9,,"29 Gulab Tower, Off Sola Road, Thaltej, Ahmedabad - 380054, Opposite JG International School Campus",
VLCC Health Care Ltd,+(91)-079-26861740,4.1,,"G-1, Balleshwar Square, Sarkhej Gandhinagar Highway, Satellite, Ahmedabad - 380015, Opposite Isckon Temple",
Enrich Salon,+(91)-9099503000,4.2,,"Shop No 1/ A, 1st Floor, Rudraksh, Kanakaria Maninagar Road, Maninagar, Ahmedabad - 380008, Near Fire Station,  Krishnabaug",
Enrich Salon,,4.2,,"Shop No 1, Ground Floor, Solitaire, Sunrise Park Road, Sunrise Park, Ahmedabad - 380059, Near Himalaya Mall, Gurukul",
Lakme Salon,+(91)-79-40097172,4.1,,"A 1, Ground Floor, Shilp Square Complex, Wing B, Drive In Road, Drive In Road, Ahmedabad - 380052, Opposite Himalaya Mall",
Kallistaa Beauty Head To To..,+(91)-79-26305885,4.0,,"Ground Floor Shiv Shyam Apartment, University Road, Ahmedabad - 380009, Near Passport Office, Opposite Shree Aarasur Complex",
Shades Of Blackk Spalon,+(91)-79-26301848,4.6,,"Triveni-1, Adinath Society, Panjrapole, Ahmedabad - 380015, Next to AMA, Opposite Cafe Coffee Day",
Nishi Nails Spa And Boutiqu..,+(91)-079-40072010,4.1,,"Second Floor , Gulmohar Park Mall, Satellite, Ahmedabad - 380015, Near Iscon cross road",
Metro The Salon,+(91)-79-25468146,4.0,,"1st Floor, Ghadiyali Complex, Jawahar Chowk Cross Road,, Maninagar East, Ahmedabad - 380008, Maninagar,",
Aurum Spa Salon,+(91)-79-26937825,4.1,,"1 St and 2nd Floor Sanidhya A Complex, Prahladnagar Road, Satellite, Ahmedabad - 380015, Opposite Shell Petrol Pump",
Upstyle Womens Salon and Sp..,+(91)-9152140101,4.5,,"8 Prakash Park Society, Commerce Six Road, Navrangpura, Ahmedabad - 380009, Opposite Mevada Chhatralaya",
Capello Salon,+(91)-8698679777,4.3,,"4, Ground Floor Binali Complex, Sola Road, Naranpura Vistar, Ahmedabad - 380013, Opposite Torrent Sub-Station",
Ami Salon Mens Headquarters,+(91)-079-26820376,4.2,,"Shop 4-5-6, Shantinath Complex, Sonal Cinema Road, Vejalpur, Ahmedabad - 380051, Opposite Shrinand Nagar Part 1",
Lakme Salon,+(91)-079-40076019,4.0,,"Ul1, Ul2, Ul1a, Sapphire Complex, C G Road, Ahmedabad - 380009, Near ISCON Arcade, Opposite Lane Jade Blue",
Tashes & Tousles Consultati..,+(91)-9624766646,4.3,,"A101, Krishna Height, 100ft. Road, Jagatpur, Ahmedabad - 382470, Opposite Ganesh Genesis",
Adron Salon Pvt Ltd,+(91)-9152109104,4.3,,"Ground Floor 5 Orchid Center, Gala Gymkhana Road, South Bopal, Ahmedabad - 380058, Behind Sobo Center",
Hakims Aalim Hair & Tattoo ..,+(91)-79-40059451,4.2,,"Block No A, Mondeal Business Park, Sarkhej Gandhinagar Highway, Ahmedabad - 380055, Near Gurudwara",
Retro The Unisex Salon,+(91)-9152108815,4.7,,"G/4, Satkar Complex, Bodyline Cross Roads, C G Road, Ahmedabad - 380009, Opposite Tanishq House, Near Lal Bungalow",
Atelier7 Salon,+(91)-79-48906777,4.6,,"Shop Number-2, Ashirvad Paras,, Corporate Road,, Satellite, Ahmedabad - 380015, Behind Sales India,Near Prahladnagar Garden",
Dax Hair & Beauty,+(91)-79-26601538,4.2,,"1st Floor, Safariya Complex, Paldi Road, Paldi, Ahmedabad - 380007, Near Suvidha Shopping Centre, Opposite Jain Nagar Bus Stop",
Eye Catchers,+(91)-079-40088111,4.4,,"Unit 2, Ground Floor Shivalik Plaza, IIM Road, Panjrapole, Ahmedabad - 380015, Near Jayhind Sweets, Near Cafe Coffee Day",
Orange The Salon,+(91)-079-40085262,4.1,,"Opposite Coutupyard Marriott, Satellite, Ahmedabad - 380015, Opposite Satellite Police  Station",
Lakme Salon,+(91)-7574817567,4.0,,"15  16  Ground Floor  Abhishree Complex, Satellite Road, Satellite, Ahmedabad - 380015, Opposite Star Indian Bazaar",
Onil Family Salon,+(91)-79-40081555,4.1,,"G 5 , Devpreet Complex, Judges Banglow Road, Vastrapur, Ahmedabad - 380015, Near Nfd Circle",
Shears Salon,+(91)-079-48932166,4.6,,"4, Ground Floor, Palladium Business Hub, Corporate Road, Prahladnagar, Ahmedabad - 380015, Near Vodafone House",
The Empire Salon,+(91)-79-48949393,3.9,,"No- 7, 1st Floor, Sarthik Complex, Near Gulmohar Park Mall, Satellite, Ahmedabad - 380015, Opposite Satellite Police Station",
Arrow Unisex Salon,+(91)-079-65559191,4.4,,"Shop No F 1, 1st Floor, Dev Darshan Complex, Jayhind Cross Road, Maninagar, Ahmedabad - 380008, Near Maninagar West",
Edge The Lounge,+(91)-7600818768,4.6,,"Shop No.6, Shilp Aaron Building,, Bodakdev, Ahmedabad - 380054, Near Sindhu Bhavan Road",
Lakme Salon,+(91)-79-40397172,3.9,,"F 10, 1st Floor, Shivalik Arcade, Prahladnagar, Ahmedabad - 380015, Opposite Prahladnagar Garden, Above Havmor, Us Pizza",
Enrich Solitaire,+(91)-79-40080121,4.2,,"Solitaire, Shop No. 1 GF, Sunrise Park Road, Gurukul, Ahmedabad - 380052",
Enrich Salon,+(91)-079-40080122,4.1,,"Shop No 3 to 6, Ground Floor, Krishna Complex, Satellite Road, Bodakdev, Ahmedabad - 380054, Opposite Devashish Business Park",
Bhavna Salon,+(91)-079-27507976,3.8,,"1st Floor,102/109, Sahyog Plaza, Sabarmati Gandhinagar Road, Motera, Ahmedabad - 380005, Opp, Goverment Engineering College",
Impressions The Unisex Salo..,+(91)-79-26871744,4.3,,"2nd Floor, Rudra Square Complex, Judges Bunglow Road, Bodakdev, Ahmedabad - 380054, Above Gormoh Hotel,",
Nicks Hair Studio And Unise..,+(91)-079-40083967,3.8,,"Shop No 1, Ground Floor, Manorath Building, Vijay  Cross Road, Navrangpura, Ahmedabad - 380009, Near Honest Restaurant, Opposite Anal Apartment",
Enrich Salon (Gulmohar Park..,,4.2,,"Shop No 5, Ground Floor, Gulmohar Park Mall, Satellite Road, Ahmedabad - 380015, Opposite Satellite Police Station",
Ellis Salon,+(91)-9152157798,4.2,,"G-29, Shubh Complex, Shahibaug, Ahmedabad - 380004, Near Rajasthan Hospital",
Vero Unisex Spalon,+(91)-079-29706727,4.7,,"Shop B-201/1 2Nd Floor  Amrapali Lake View, Vastrapur, Ahmedabad - 380015, Opposite Vastrapur Lake Near Alpha One Mall",
Dishas Bridle Studio,+(91)-8758748999,4.7,,"Shop No. 33,34, Platinum Plaza, Nikol Road, Nikol, Ahmedabad - 380024, Opposite Rajhans Cinema",
Up 2 Date Hair And Beauty,+(91)-079-26744445,4.4,,"9 And 10 Tirthjal Tower, Shivranjani To Shyamal Cross Road, Satellite, Ahmedabad - 380015, Near Ashwamegh 4",
Rexan Salon,+(91)-9898979614,4.6,,"7-8, Aaryan Gloria ,, Gala Gym Khana Road, South Bopal, Ahmedabad - 380058",
Lofiel The Beauty Parlour A..,+(91)-9152684522,4.4,,"G-36/37, Satyam Status Complex, Ramdevnagar Road, Satellite, Ahmedabad - 380015, Near Chandan Party Plot, Visatnagar",
Lakme Salon,+(91)-079-40324343,4.1,,"Shop No 203, Jay House, Maninagar, Ahmedabad - 380008, Opposite Tgb Cafe, Opposite Tanishq Jewellery, Rambaug",
Enrich Salon,,4.6,,"Shop No 6 & 7, Binori Gracia, Gala Gymkhana Road, South Bopal, Ahmedabad - 380058, Opposite Sobo Centre",
Sparkle Make Ur Beauty Shin..,+(91)-79-40053237,3.6,,"A 301, Himalaya Mall /, Drive In Road, Ahmedabad - 380052, Opposite Drive In Road,  Near Gurukul Road",
Blue Lagoon Family Salon,+(91)-9879524235,3.6,,"1st Floor, Shop No 1, Shukan Mall, Shahibaug, Ahmedabad - 380004, Near Rajasthan Hospital",
Cher Hair And Beauty Lounge,+(91)-079-40022444,3.9,,"104 to 107, 1st Floor, Atlanta Tower, Gulbai Tekra, Ahmedabad - 380015",
Smart Look Hair N Beauty,+(91)-9998660914,4.3,,"Shop No 1/2, Ground Floor, Shyam Shivam Complex, Maninagar, Ahmedabad - 380008, Opposite Ratilal Hall",
Rock Style Studio,+(91)-9998666696,4.7,,"Shop Number 11 , Tulshi Raw House,, Jodhpur Gam Road, Jodhpur Char Rasta, Ahmedabad - 380015, Opposite Jain Derasar",
Cabello The Family Hair Des..,+(91)-079-26925661,4.3,,"Shop No F 3 1st Floor Aditya Plaza Complex, Jodhpur Village Road, Satellite, Ahmedabad - 380015, Near Swami Vivekanand Flat And Trupti Bakery",
Zion Saloons,+(91)-79-40039000,4.1,,"201, 2nd Floor, Sigma Legacy, Panjarapole Cross Road, Panjrapole, Ahmedabad - 380015, Above Central Nissan Showroom, Near AMA",
Pro Effex Salon,+(91)-079-25450082,4.0,,"1,2, Upper Level, Prem Sagar Complex, Bhairavnath Road, Maninagar, Ahmedabad - 380008, Opposite Chawla Park, Near Vallabhvadi Bus Stop",
Nymphs Salon,+(91)-079-40077177,4.2,,"101, Kadam Complex, Satya Marg, Bodakdev, Ahmedabad - 380054, Above ICICI Bank, Opposite Commerce House 1",
Final Cuts Hair & Beauty,+(91)-079-30437953,4.0,,"26, 1st Floor, Shukan Mall, Shahibaug Road, Shahibaug, Ahmedabad - 380004, Near Rajasthan Hospital",
Vlcc Healthcare Ltd,+(91)-079-40371910,3.6,,"101, Aswamegh Elegance - 2, Ambawadi Circle, Ambawadi, Ahmedabad - 380006, Near Chhadawad Police Chowky, Opp. Kalyan Jewellers",
Reflex The Unisex Salon,+(91)-9925631113,4.5,,"Shop No -13, Karnavati Flat, Near Hirabhai Tower, Maninagar, Ahmedabad - 380008, Near Uttamnagar Road",
Lakme Salon,+(91)-9898787336,4.3,,"A 103-104 ,  1st Floor, Above Dangee Dums, Sobo Center, South Bopal, Ahmedabad - 380058",
Asha Hair Care,+(91)-79-26747577,4.1,,"Shop No 27, Maruti Tower, Shivranjani Cross Road, Satellite, Ahmedabad - 380015, Opposite Shivranjani Brts",
Schon Unisex Salon,+(91)-79-40092288,4.3,,"First Floor, Aeon Complex, Above That Place Restaurant,, Vijay Cross Road,, Navrangpura, Ahmedabad - 380009, Opposite Navkar Institute,",
Darshan The Complete Beauty..,+(91)-079-27913553,4.0,,"Shyam Gokul Building, 1st Floor, Navrangpura, Ahmedabad - 380009, Near Vijay Cross Road",
Lemon Eye The Family Salon ..,No Number!,3.7,,"7/8, Zodiac Plaza, H L Commerce College Road, Navrangpura, Ahmedabad - 380009, Behind St Xaviers College",
Herrlich Unisex Salon,+(91)-79-26765868,4.3,,"1, Gopal Palace, Satellite, Ahmedabad - 380015, Oppsite Ocean Park Near Shiromani Complex, Nehrunagar",
Aurange The Unisex Salon,+(91)-9898340473,3.7,,"Shop No 106, H J House, Rambaug Road, Maninagar, Ahmedabad - 380008, Opposite Indian Oil Petrol Pump, Near Rambaug Police Station",
Adorn Hair & Beauty,+(91)-9723881166,4.4,,"101, 1st Floor, Siddhivinayak Business Hub, Shahibaug, Ahmedabad - 380004, Near Ghevar Circle",
Story Of Hair Salon,+(91)-7399999075,4.9,,"14, Mapel Tree Complex, Sun & Step Club Road, Thaltej, Ahmedabad - 380054, Near Surdhara Circle",
Shirley Beauty Salon,+(91)-79-26840851,3.9,,"4, 1st Floor, Galaxy Tower, Sarkhej Gandhinagar Highway, Thaltej, Ahmedabad - 380054, Behind Grand Bhagwati Hotel",
Bebz N Boiz The Family Salo..,+(91)-79-40053872,4.1,,"Shop No 13, 1st Floor, Rudra Arcade, Helmet Cross Road, Memnagar, Ahmedabad - 380052, Near Drive In Road",
AYAAN HAIR STYLE,+(91)-8141541818,4.3,,"4 , Chandan Complex, Tower, .Ghatlodiya, K.K Nagar Road, Ahmedabad - 380001, Near Vasukanan",
Estelle Spa & Salon,+(91)-079-65425555,4.0,,"104, Ground Floor, Sigma II, Vastrapur, Ahmedabad - 380015, Near Gopinath Society, Opposite Sunrise Park",
Pablo The Salon Bar,+(91)-7043589975,4.2,,"Shop No 6, The Grand Monarch Complex, Aanad Nagar Road, Prahladnagar, Ahmedabad - 380015, Near Seema Hall",
Royal Hair Line,+(91)-079-25441141,4.3,,"Shop No 4,5,6, 1st Floor, Radhe Mandir Tower, Jawahar Chowk Road, Maninagar, Ahmedabad - 380008, Near Karnavati Dabeli, Opposite Hirabhai Tower",
Headshot Hair & Beauty Loun..,+(91)-079-48005088,4.8,,"F.F.103/114, Advait Complex, Bodekdev Road, Vastrapur, Ahmedabad - 380015, Nr Sandesh Press",
Poise Spa & Salon,+(91)-9081576473,4.4,,"Ground Floor, 9,10 Harmony Icon, Near Baghban Party Plot, Thaltej, Ahmedabad - 380054, Near Hebatpur Road",
August Salon,+(91)-9081818385,4.2,,"B-2,3, Santiniketan Buisness Centre,, Near Gangotri Circle,, Nikol Gam, Ahmedabad - 382350, Behind Dominos",
New Rockstar Unisex Spalon,+(91)-079-65402222,4.0,,"Shop No 2 Ground Floor Vrajvihar 5, Prernatirth Derasar Road, Satellite, Ahmedabad - 380015, Opposite Gloria Restaurant",
Belle De Jour Nail Spa And ..,+(91)-9978444552,4.0,,"15 B Himmatlal Park Society, Shivranjani Cross Road, Satellite, Ahmedabad - 380015, Behind Asopalav Sadi Shrowroom",
O2 Spa (Radisson Blu Hotel),+(91)-9989991186,3.9,,"C/o Radisson Blu Hotel, Panchvati Cross Road, Ambawadi, Ahmedabad - 380006, Opposite to C G Road",
New Delhi Hair & Care,+(91)-9377367820,3.6,,"1383 Khas Bazar, Relief Road, Ahmedabad - 380001, Opposite Karanj Police Chowki",
Enhance Salon & Academy,+(91)-079-48004149,4.2,,"1/B,Ground Floor, Rudraksh Bulding, Maninagar, Ahmedabad - 380008, Opp Rambaug Police Station",
J.k.family Salon,+(91)-7874464114,4.5,,"105, City Center First Floor, Opp. Shukan Mall, Sola, Ahmedabad - 380060, Near Science City Road",
Milan Hair Dressers,+(91)-079-26581841,4.4,,"4, Krishnanand Complex, Near Mahalaxmi Cross Road, Paldi, Ahmedabad - 380007, Near.adc Bank",
Look Me Hair & Beauty,+(91)-9974421292,4.2,,"Near Rudraksh Hospital, Opposite Janvi Auto, Beside Uday Gas Agency, Patiya, Naroda, Ahmedabad - 382330, Near City Center Mall",
Salon 543,+(91)-079-48910543,4.3,,"1st Floor, S K House, Sunrise Park, Thaltej Road, Gurukul, Ahmedabad - 380052, Opposite Drive In Cinema",
Friends Family Spa & Salon,+(91)-9152120023,4.4,,"Shop No 12 4 Jagdish Park Society, Akshardham Society, Bapunagar, Ahmedabad - 380024, Opposite Akshardham Society,Opposite Khodiyar Nagar Road Near Gayatri School Circle",
Kult Salon,+(91)-9152165977,4.3,,"Shop No A 104 First Floor Radhe Kishan Villa Complex, Isanpur, Ahmedabad - 382443, Opposite Topaz Restaurant And Near Govindwadi",
Janki The Unisex Salon And ..,+(91)-9925181505,4.1,,"Shop No G/4, Upper Level, Madhav Apartment, IIM Road, Ambawadi, Ahmedabad - 380006, Opposite Shivalik Plaza, Panjrapole",
Viom Spa & Salon,+(91)-7043260951,3.9,,"107, 1st Floor, Samaan Complex 2, 100 Feet Anandnagar Road, Satellite, Ahmedabad - 380015, Opposite Shell Petrol Pump",
Nikkis Hair N Beauty Studio,+(91)-079-48001012,4.2,,"Shop No 4, Abhishil Complex, Mansi Circle to Keshav Baug Party Plot Road, Vastrapur, Ahmedabad - 380015, Near Vishweshwar Mahadev",
Golden Spa And Salon,+(91)-79-48001333,4.1,,"1 Utsav Row House, Drive In Road, Ahmedabad - 380052, Opposite Sal Hospital",
Hairtrix Loreal Salon,+(91)-9824099175,4.0,,"Shop No G 2, Galaxy Complex, C G Road, Ahmedabad - 380009, Opposite National Handloom",
Magazine The Unisex Salon,+(91)-8128161316,4.5,,"Shop No 3, 1st Floor, Adit Raj Acade, Anandnagar Road, Satellite, Ahmedabad - 380015, Opposite Titanium City Center Mall",
Truefitt & Hill,+(91)-7043340120,4.5,,"Shop No 101, Asian Square, Off S.G. Highway, Bodekdev, Sindhu Bhavan Road, Bodakdev, Ahmedabad - 380054, Opposite Shilp Aaron,Near Armida",
H2 Seven Hair & Beauty Indi..,+(91)-9152224172,3.5,,"101 Vision Complex, Panjrapole, Ahmedabad - 380015, Next To Paprazi Restaurant",
Glamour Professional Salon,+(91)-9998107189,4.1,,"101, 1st Floor, Nilkanth Commercial Complex, Shahibaug, Ahmedabad - 380004, Above Bhandari Saree, Opposite Commissioner Office",
Zenith Unisex Salon,+(91)-9152198911,4.1,,"Shop Number:- 1, Satellite Shopping, Mansi Cross Road, Vastrapur, Ahmedabad - 380015, Near North Opposite to Swaminarayan Temple",
Kalgi Beauty Parlour and Cl..,+(91)-9152120726,4.5,,"C/7, Varun Society, Opposite Julee Appartment, Shahibaug, Ahmedabad - 380004, Opposite Chandramani Hospital, Girdharnagar",
Blue Heaven Unisex Salon,+(91)-079-40057500,4.0,,"Shop No 16 & 17, Devpreet Complex, Bodakdev Cross Road, Bodakdev, Ahmedabad - 380054, Near NFD Circle",
Blenci The Beauty Salon,+(91)-079-40393514,4.8,,"D-5, 1st Floor, Maruti Complex, Gurukul Road, Memnagar, Ahmedabad - 380052, Subhash Chowk",
The Hair Craft Salon,+(91)-9974726243,4.5,,"Shop No.1, Ground Floor, H- Colony, SM Road, Nehru Nagar-Jodhpur Tekra, Ahmedabad - 380015, Opposite Bank Of Baroda",
Big Boss The Family Salon,+(91)-9879029608,3.9,,"Shop No 6, Sun Corner Complex, Commerce Six Road, Vijay Cross Road, Navrangpura, Ahmedabad - 380009, Opposite Swapnil 5",
Sajnee Beauty And Spa Salon..,+(91)-9978080605,4.3,,"40, Vaibhav Shopping Complex, Bopal Road, Bopal, Ahmedabad - 380058, Near Bhavya Park",
Zian Beauty Care & Salon,+(91)-7984256136,3.7,,"Shop No 22 ,AASTHAA EMERALD, NILKANTH MAHADEV ROAD, Ghatlodiya, Ahmedabad - 380061, RANNA PARK",
Renus Beauty Care,+(91)-9152385082,4.8,,"206,Second Floor,Sigma Balaji Complex, Navrang School Six Road, Navrangpura, Ahmedabad - 380009, Near Ramji Mandir",
La Beaute,+(91)-79-26767660,4.6,,"79, Nalanda Complex, Mashi Cross Road, Vastrapur, Ahmedabad - 380015, Opposite Karnavati Pagarkha Bajar",
Posh The Family Salon,+(91)-79-40192848,4.1,,"Shop No 12, Ground Floor, Shyam Tirth Complex, Jodhpur Road, Satellite, Ahmedabad - 380015, Near Chandan Party Plot",
La Belleza Beauty Salon,+(91)-8780841385,4.7,,"62/A, Sunset Row House, Gurukul Road, Ahmedabad - 380052, Near Sterling Hospital, Off Gurukul Road, Memnagar",
Sonal The Unisex Saloon,+(91)-9824976474,3.9,,"G/8 Mangal Murti Society, Canal Road, Ghodasar, Ahmedabad - 380050, Near Godasar Cross Road",
Hair Cut Destination,+(91)-8347636122,4.1,,"Shop No 8 Sheetal Versa Mahavir Bussines Park, Jamalpur Cross Roads, Jamalpur, Ahmedabad - 380001, Opposite Behrampura Police Station",
Brillar Hair And Beauty Lou..,+(91)-9408869083,3.9,,"Shop No 23, Ground Floor, Orchid Center, South Bopal Road, South Bopal, Ahmedabad - 380058, Opposite Safal Parisar 2",
Asha Salon N Spa,+(91)-79-26430939,4.2,,"G 8 World Business House, Sheth Mangaldas Road, Ambawadi, Ahmedabad - 380006, Near Parimal Garden",
N Top Family Salon,+(91)-9879031209,3.8,,"A 3/4 1st Floor, Radhey Mall, Near Khokhra Circle, Maninagar East, Ahmedabad - 380008",
Nisha Hair And Beauty Unise..,+(91)-79-26601006,3.7,,"Shop No 21/A, Mangal Tirth, Dharnidhar Road, Vasna, Ahmedabad - 380007, Near Dharnidhar Bridge and Dharnidhar Derasar",
4u The Family Salon,+(91)-7874721014,3.4,,"Shop No. 15, Upper Level, Alishan Complex, Stadium Road, Naranpura Vistar, Ahmedabad - 380013, Opposite Life Fitness Point",
Isaabelle Unisex Salon,+(91)-7228888580,4.4,,"112, 1st Floor,  Yash Ariyan, Swami Vivekanand Cross Road, Gurukul, Ahmedabad - 380052, Near Swami Vivekanand Circle",
Onil Family Saloon,+(91)-079-40081555,4.1,,"Gf-5 ,6 and 8, Devpreet Complex Nfd Circle Dla School, Bodakdev, Ahmedabad - 380054, Near Dla School",
Essence Salon Spa,+(91)-79-65155566,4.0,,"Shop No. 104, Devaditya Arcade, Thaltej Shilaj Road, Thaltej, Ahmedabad - 380059, Near Bagban Party Plot",
Astha Family Salon,+(91)-7698016188,3.8,,"Shop-7, Upper Step,  Rajnagar Complex, Narayan Nagar Road, Paldi, Ahmedabad - 380007, Near NID,Opposite Diwakar Society",
Pappus Hair Care,+(91)-9825685500,4.2,,"Shop No 2/3, Ground Floor, Swapnil Apartment, Vishwa Kunj Road, Paldi, Ahmedabad - 380007, Below ADC Bank",
Suraj Hair Beauty & Make Up..,+(91)-7487077700,4.3,,"Ground Floor, City Square, University Road, Gulbai Tekra, Ahmedabad - 380015, Near Kashiram Hall",
The Hair Masters,+(91)-8980177444,4.1,,"33 Rajendra Society, Opposite Asatnam Society,, Maninagar, Ahmedabad - 380008, Near Jawaharchowk Cross Roads",
Gallops Hair Salon,+(91)-9725196564,4.4,,"Shop No A/1, Rajshree Enclave, Oswal Club Road, Times Of India Road, Ambawadi, Ahmedabad - 380006, Near Tulip CitaDel",
Estelle Salon,+(91)-079-65451111,3.7,,"1st Floor 1 Shanay, Panjrapole, Ahmedabad - 380006, Opposite Shivalik Plaza",
Astha Family Salon,+(91)-079-48010591,4.3,,"Shop Number A 173, Ground Floor, Satyam Tower, Someshwar Complex, Satellite, Ahmedabad - 380015, Opposite Citygold Multiplex, Near Shyamal Row House",
Amaya Salon And Spa,+(91)-79-40321059,4.2,,"A/16, Suyog Bunglows, Corporate Road, Prahladnagar, Ahmedabad - 380015, Opposite Auda Garden",
Leeza The Salon,+(91)-079-26858191,3.6,,"5,6,7 Yogi Complex Second Floor, Drive In Road, Ahmedabad - 380052, Opposite Drive In Cinema Near Doordarshan Kendra",
Monopole Salon & Hair Repla..,+(91)-9374041661,4.1,,"6, Anupam-2 Complex, Swastik Cross Road, Navrangpura, Ahmedabad - 380009, Opposite Fairdeal House",
Apsra Hair Shop,+(91)-9974338868,3.2,,"Astodiya Darwaja, Khamasa, Swami Vivekananda Road, Astodia, Ahmedabad - 380001",
Sonam Family Salon,+(91)-9898530191,4.1,,"43/38, Bhavna Society, Bhulabhai Road, Geeta Mandir Road, Ahmedabad - 380022, Below Malwa Hotel, Near. Appex Honda",
Hema Watson Salons,+(91)-79-40056577,4.3,,"Payal Park Society, Satellite Road, Ahmedabad - 380015, Beside Star Bazaar",
Krishna Hair Craft,+(91)-9998848669,4.3,,"Shop 3, Ground Floor,  K D Chambers, Commerce Six Road, Navrangpura, Ahmedabad - 380009, Near Tgb Cafe",
Humming Birds Spa And Salon,+(91)-9904807273,3.8,,"Shop No 21, C G Road, Navrangpura, Ahmedabad - 380009, Inside Municipal Market",
Loreal Hair Saloon,+(91)-9727248523,3.8,,"Aashirvad Appartment, Pritham Rai Road, Paldi, Ahmedabad - 380007, Pritamnagar No Pehlo Dhaal",
Ami Hair & Beauty Care,+(91)-7043828899,4.6,,"Shop No 12/28, Poojan Flats, Jivraj Mehta Hospital Road, Vasna, Ahmedabad - 380007, Near Jivraj Mehta Hospital ,Opposite Sarah's Flats",
Fashionvilla Unisex Salon,+(91)-9824984807,4.0,,"10 Sagar Sangit Complex1, Sola, Ahmedabad - 380060, Near Raviraj Society",
Kiwance Hair N Care,+(91)-79-27516009,4.0,,"B/8, Kothari Tower, H.H Patel High School Road, Kabir Chowk, Ahmedabad - 380005, Near Kalupur Co-op Bank Ltd, Ramnagar",
Star & Sitara,+(91)-079-40322200,3.2,,"Shop No 4, Ground Floor, Megha House, Law Garden Road, Law Garden, Ahmedabad - 380009, Near Mithakali Circle",
Glowell Beauty Salon,+(91)-9773176491,4.1,,"Shop No 226, Sheetal Varsha Mahavir Business Park, Jamalpur, Ahmedabad - 380022, Opposite Behrampura Police Staion",
Capello Salon,+(91)-079-23293929,2.9,,"Shop No. 13 , Ground Floor,Arron Alligance, New C.G. Road, Chandkheda, Ahmedabad - 382424, Beside Appollo Pharmacy",
City Style Salon,+(91)-9152101570,4.1,,"First Flour 8, Ratnadeep Complex, Jodhpur Gam, Jodhpur Tekra, Ahmedabad - 380015, Opposite  Prernatirth Jain Derasar",
Komal Beauty Parlour,+(91)-9227212929,4.4,,"Shop No 2 Upper Level Rudra Plaza, Judges Bungalow Road, Bodakdev, Ahmedabad - 380054, Near Mother Milk Lane",
The Nibbana Spa & Wellness,+(91)-9152164231,3.9,,"127/2/C, Ground Floor, Swastik Society, Navrangpura, Ahmedabad - 380009, Opposite Samved Hospital",
Lady Grace Beauty Parlour,+(91)-9152166386,3.7,,"F 14 Nawab Plaza, Sarkhej Road, Juhapura, Ahmedabad - 380055, Opposite Royal Akbar",
Dravya Spa & Salon,+(91)-79-66195250,4.9,,"Hotel Crowne Plaza, S. G. Highway, Prahladnagar, Ahmedabad - 380015, Near Shapath V",
Rockstar Hair Salon,+(91)-8530607045,4.2,,"Shop No 1, Arjun Grace, Naranpura Vistar, Ahmedabad - 380013, Near Telephone Exchange, Mangalmurti, Near Swaminarayn Sanskar Dham",
White Catalogue Salons,+(91)-8154065000,4.0,,"106, 1st Floor Devashish Complex, Court Yard Marriott Lane, Bodakdev, Ahmedabad - 380054, Above Mocha Restaurant",
Tanishq Hair Salon,+(91)-7203841744,3.9,,"23, 1st Floor, Jbr Arcade, Science City Road, Sola, Ahmedabad - 380060, Opposite Satyam Complex",
MS Moda Unisex Salon,+(91)-8077327608,4.9,,"7, Ground Floor, Rajnagar Complex, NID, Narayan Nagar Road, Paldi, Ahmedabad - 380007, Beside Imperial Bakery ,Near Diwan Ballubhai School",
Elvin Salons,+(91)-6359017171,4.6,,"Shop No 1, Sv Square, Ranip, Ahmedabad - 382480, Opposite Savan Bungalow",
Hair Point The Professional..,+(91)-8000163153,4.4,,"GF, Yashpal Flats, Navrangpura, Ahmedabad - 380009, Near SOPAN Tower",
Krishna Beauty Palace,+(91)-8000953694,4.3,,"122, Ratna Highstreet, Naranpura Cross Road, Naranpura Vistar, Ahmedabad - 380013, Near Naranpura Police Chowky, Near Reliance Fresh",
Anar Beauty Parlour,+(91)-79-27453469,4.2,,"Banglow No 1 Pashvanath Society, Naranpura Char Rasta, Naranpura Vistar, Ahmedabad - 380013, Near Sundar Nagar",
Meraki Salon,+(91)-7874058338,4.0,,"Shop No 1, Raju Complex, Sterling Cross Road, Gurukul, Ahmedabad - 380052, Opposite Janta Ice Cream,Above Agrawal Sweet",
Cleopatra Spa And Salon,+(91)-8347967575,3.8,,"First  Floor, Millenium Plaza, Mansi Cross Road, Vastrapur, Ahmedabad - 380015",
R.k Hair Art,+(91)-9979996700,3.6,,"Shop No, 10, Upper Level, Veermurti Complex, Gurukul, Ahmedabad - 380052, Opposite Oxford Tower, Near Gurukul Cross Roads",
Aneree The Womens Beauty Co..,+(91)-9638776060,4.6,,"3, Abhishek Bungalow, Gala Gymkhana Road, South Bopal, Ahmedabad - 380058, Opposite Sobo Center, Behind Sun City",
Stylush Beauty Salon,+(91)-9099997614,3.6,,"103,RUDRA PLUS COMPLEX, OPP. U.S. PIZZA, Navrangpura, Ahmedabad - 380009, Near GIRISH COLDRINKS, C.G.ROAD",
Black Rose Hair & Beauty St..,+(91)-9624002471,4.6,,"Shop No-2,3, Shantiniketan Business Center, New Nikol Road, Nikol, Ahmedabad - 380024, Opp Gangotri Bungalow, Behind Dominoes Pizza",
Black Rose Hair & Beauty St..,+(91)-9624002471,4.6,,"Shop No 25, Arise Heights Suryam Flora, Nikol Naroda Road, Nikol, Ahmedabad - 380024, Behind Vrundavan Party Plot",
Up To Date Hair Dressing Ha..,+(91)-9825518350,4.3,,"Rameshwar Cross Road, Meghaninagar, Ahmedabad - 380016, Meena Bazar, Near Meghaninagar Cross Road, Opposite Zaverchand Meghani Statue",
Asha The Family Salon,+(91)-9998682330,4.1,,"A/7/8, Ground Floor, Mahalaxmi Center, L G Hospital Road, Maninagar, Ahmedabad - 380008, Near Jagabhai Park, Near Ramkrushna Party Plot",
Edge The Lounge,+(91)-079-35916100,4.1,,"2, Riddhi Complex, Old Passport Office, University Road, Ahmedabad - 380009, Near Gujarat University",
Instyle Beauty Salon,+(91)-9624926789,3.6,,"9, Liberty Complex, C G Road, Ahmedabad - 380009, Near Swastik Cross Road",
Florenzaa Beauty Parlour,+(91)-9913812578,4.5,,"3 Aksharjyot Complex, Ramdevnagar Road, Satellite, Ahmedabad - 380015, Opposite Sarthak Tower",
Palash The Makeover Studio,+(91)-9825404027,4.3,,"8, Vivekanand Society, Mahalaxmi Five Cross Roads, Paldi, Ahmedabad - 380007, Behind Sushrut Hospital",
Prince Hair Cutting Salon,+(91)-9727980193,3.7,,"Old Railway Station, Revabhai Dharamshala, Sakar Bazzar, Road, Kalupur, Ahmedabad - 380002",
Knotty Heads Salon,+(91)-8141044444,4.7,,"Be Alive Media Road, Thaltej, Ahmedabad - 380054",
Seven Star Spa & Salon,+(91)-7202060011,4.5,,"104 1st Floor Landmark Complex, Anandnagar Road, Satellite, Ahmedabad - 380015, Opposite Seema Hall",
Looks Salon (Ahmedabad One),+(91)-9710564400,4.2,,"3rd Floor, Ahmedabad One Mall, Vastrapur, Ahmedabad - 380015, Opposite Mc Donald's, Near Vastrapur Lake",
Palms Thai Spa & Salon Pvt ..,+(91)-79-32215777,3.6,,"201, 2nd Floor, Shitanshu Apartment, Panjrapol Cross Road, Ambawadi, Ahmedabad - 380006, Near Topaz Restaurant",
Lemon Star Salon And Spa,+(91)-9327986401,3.3,,"A/109, First Floor, Narnarayan Complex, Opposite Ganesh Palaza, Navrangpura, Ahmedabad - 380009",
Plush Salon & Nails,+(91)-9898747800,4.6,,"A5, Celebration City Center, S Main Road, Bopal, Ahmedabad - 380058, Opposite Aaradhya",
Satyam Hair Art & Beauty Pa..,+(91)-079-22817232,4.0,,"4 & 5, Jhangiram Market, Sahijpur Bogha, Ahmedabad - 382345, Opposite Arya Samaj Mandir",
Andaz Hair Saloon,+(91)-9998699362,4.0,,"4715/1, Mahajan No Vando, Jamalpur Pagti Road, Lal Darwaja, Ahmedabad - 380001, Near Ahmedabad",
A-One Hair Salon,+(91)-079-26588441,3.9,,"Shop No 13, Ground Floor, Municipal Market, Paldi Road, Paldi, Ahmedabad - 380007, Opposite Museum, Near NID",
Shivanis Beauty & Bridal St..,+(91)-9409408524,4.9,,"203. 2nd Floor, Yash Arian, Swami Vivekanand Road, Memnagar, Ahmedabad - 380052, Vivekanand Cross Road",
Carrington Family Salon Spa..,+(91)-7436003042,4.7,,"Fire Station, 3/B, Devkinandan Society, Darpan Six Road, Navrangpura, Ahmedabad - 380009, Opposite Ambuja Tower,Near Memnagar",
Insta Hair Studio,+(91)-9099888117,4.2,,"F 5, 1st Floor, Shubh Complex, Shahibaug, Ahmedabad - 380004, Near Rajashthan Hospital",
Looks Beauty Care,+(91)-9377366776,4.2,,"Shop No.-24, Dev Archan Complex, Pritamnagar, Paldi, Ahmedabad - 380007, Near Bonny Travels",
Orane Institute Of Beauty &..,+(91)-79-40304222,4.0,,"First Floor, Sigma Excellence, Vastrapur Road, Vastrapur, Ahmedabad - 380015, Near Management Enclave, Vastrapur Lake",
Hummingbirds Spa And Salon,+(91)-8155008661,3.8,,"204, Sigma Icon, 132 Feet Ring Road, Satellite, Ahmedabad - 380015, Opposite Medilink Hospital, Near Shyamal Cross Road",
Bebs & Boys Unisex Salon,+(91)-9974444199,4.4,,"Shop No 2, Santam Complex, Maninagar, Ahmedabad - 380008, Near Punit Maharaj Road, Near Sarswatihighschool,Opposite L G Ground",
Reshma Patels Tirima Bridal..,+(91)-079-27680295,4.1,,"17, Vasudha Society, Naranpura Vistar, Ahmedabad - 380013, Near Sardar Patel Colony, Near Chandrika Dudh Ghar",
Poonam Beauty Care,+(91)-8141549661,4.9,,"Shop No - 6, Sandalwood Apartment, Sagar Sangit Cross Road, High Court Academy Road, Sola, Ahmedabad - 380060, Behind Sola High Court",
Lotus Beauty Salon & Spa,+(91)-9152104166,4.2,,"A/2 1st Floor,Sumti Avenue, Jawahar Chowk,Bhairavnath Road, Maninagar, Ahmedabad - 380008, Opposite Rajkamal Bakery",
Panash The Nail Spa And Sal..,+(91)-79-26872627,4.1,,"B 1 Shivalik Business Center, Sarkhej Gandhinagar Highway, Ahmedabad - 380055, Behind Rajpath Club Opposite Kabana Cafe",
Kalapi Hair Art,+(91)-9328995229,4.7,,"1118, Salapose Road, Ahmedabad - 380001, Opp Ashiana Hotel",
Western Hair Art,+(91)-9662100654,4.6,,"Kamdar Medan, Gomtipur, Ahmedabad - 380021, Opposite Garib Nawaz Masjid (Pithe Wali) Under Gomtipur Bridge",
H & F Salon,+(91)-8511280385,4.5,,"G-3 , Gala Celestia,  Opp Balaji Wind Park,, Near.  Veshnodevi Circle, Tragad, Ahmedabad - 382470, Opp,  Balaji Wind Park",
Heaven Unisex Salon,+(91)-9725140850,4.3,,"Shop No:3,First Floor, Dhara Centre, Vijay Cross Road, Navrangpura, Ahmedabad - 380009, Opposite Hero Auto Showroom",
Mansi Hair Art,+(91)-9909419850,4.6,,"Ground Floor 18, Shri Vijay Apartment, Vijay Cross Road, Navrangpura, Ahmedabad - 380009, Near Axis Bank, Suchita Bus Stand",
A Hair Passport Salon,+(91)-9737099817,4.6,,"Shop no:-16 Saral Complex, Kargil Road, Sola, Ahmedabad - 380060, Near Sagar Sangit Cross Road",
Asha Hair & Care,+(91)-9714044066,4.5,,"Shop No.26,Mangal Tirth Complex, Near Shreyas Crossing, Paldi, Ahmedabad - 380007, Near Dharnidhar Bridge",
Rose Beauty Care,+(91)-9327010106,4.0,,"2,  New Anand Complex,, Opposite Amritjyoti School, Ambawadi, Ahmedabad - 380006, Near Chirag Apartment",
Femina Hair Art,+(91)-7069348554,4.0,,"G-1,Devpriya Complex, Motera Road, Motera, Ahmedabad - 380005, Near Asharam Bapu Chokdi,Near Motera Stadium",
Urvashi Beauty Care,+(91)-79-27450990,3.8,,"F-2/3, Shantam Complex, Gurukul Road, Ahmedabad - 380052, Near Vishram Nagar Bus Stop",
Bodhi Spa & Salon,+(91)-79-40031434,3.2,,"2Nd Floor Himalya Mall, Gurukul Road, Ahmedabad - 380052",
Edit Salons,+(91)-8980495905,4.6,,"17A- Ground Floor, Shangrila Arcade, Shyamal Cross Road, Shyamal, Ahmedabad - 380015",
Mak The Hair Designer,+(91)-7226819292,4.6,,"Shop No : F-5, Utsav Elegance, Nr Bhuyang Dev Cross Road, Sola Road, Ahmedabad - 380061",
Monarch Hair & Beauty Salon..,+(91)-9712111250,4.4,,"Shop Number-2- Ground Floor Shukan-2, Super Society, Near Karnavati Club Road, Satellite, Ahmedabad - 380015, Near RH Kapadiya School",
Kutting Edge Unisex Salon,+(91)-7043855550,4.7,,"1, Binori Mable, Corporate Road, Prahladnagar, Ahmedabad - 380015, Near Pinakal Buisness Park",
Maruti Hair Art,+(91)-079-26762906,4.4,,"Shop No-5, GF Sagar Tower, Premchandnagar Road, Satellite, Ahmedabad - 380015, Opposite Mansi Tower",
Ample Salon,+(91)-9824264289,4.3,,"Shop No:2 Manthan Appartment, Madrasimandir Road, Khokhara Mehmadabad, Ahmedabad - 380008, Near.chachr Dudghyalay",
New Look The Family Salon ,+(91)-9998907823,4.0,,"G/53, Ghevar Complex, Dafnada Road, Shahibaug, Ahmedabad - 380004, Opposite Radhe Krishna Temple, Opposite Vrundavan College",
Live On The Family Salon,+(91)-9904502028,4.0,,"Amarpura Road, Dariapur, Ahmedabad - 380001, O/s, Dariyapur Gate",
Shahnaz Hussain Herbal,+(91)-79-26463072,3.9,,"B/1/2, Suraj Apartment, Navrangpura, Ahmedabad - 380009, Nr Liberty Bus Stop, Opp Lilavati Municipal Ladies Hostel",
Pari Bridal Studio,+(91)-9898322067,4.9,,"1, 1st Floor, Swapnil Complex, Sardar Patel Colony Road, Naranpura Vistar, Ahmedabad - 380013",
Hilorys Salon,+(91)-9152140245,4.1,,"7, Ashirwad Complex, Dharnidhar Road, Paldi, Ahmedabad - 380007, Near Anjali Petrol Pump, Bhatta",
The Cabinet Hair & Beauty L..,+(91)-8128812891,4.1,,"Shop No. 29,30,31 Shukh Sagar Complex, Bapunagar, Ahmedabad - 380024, Near Kakadiya Hospital",
Morning Star Hair Art,+(91)-9723028086,3.7,,"Bhoot Ni Ambli, Astodiadarwaja, Astodia Chakla, Ahmedabad - 380001, Opposite Balapir Dargah",
Collegian Hair Salon,+(91)-9898221252,4.6,,"Shop No. 2, Ground Floor, Parth Apartment, Shreeji Dairy Street, Gurukul, Ahmedabad - 380052, Opposite Highland Park Hotel, Besides Prabhakar Complex, Subhash Chowk",
Anand Hair Art,+(91)-9974599707,4.3,,"C/2, Upper Level, Anupam Shopping Centre, Jodhpur Gam Road, Satellite, Ahmedabad - 380015, Near Jodhpur Cross Road",
Jasmine Beauty Salon,+(91)-9409083624,4.2,,"201, Axion2, Bopal, Ahmedabad - 380058, Near Iscon Platinium",
Keshkala Hair n Care,+(91)-79-27682459,4.2,,"Shop No. 8, GF, Gitanjali Shopping Centre, St. Xavier, Navrangpura, Ahmedabad - 380009, Near Darpan Six Roads",
Style Hair Unisex Salon,+(91)-9558674340,4.8,,"G-4, Asia House, Swastik Cross Road, Navrangpura, Ahmedabad - 380009, Opposite Mehsana Bank",
Rising Beauty Salon,+(91)-79-27471031,4.6,,"Shop No 19,20, 1st Floor, Heritage Plaza, Drive In Road, Gurukul, Ahmedabad - 380052, Near Gurukul Temple",
Shine Beauty Hub,+(91)-9228022801,4.3,,"2nd Floor Shop No. -8 Ora Bella, Thaltej - Hebatpur Road, Thaltej, Ahmedabad - 380054, Opposite Malai Talav",
Polished Family Salon & Spa,+(91)-79-48915586,4.0,,"FF-16/17 4D Square Mall, Visat Gandhinagar Highway, Motera, Ahmedabad - 380005, Opposite Palladium Business Hub",
Student Hair Saloon,+(91)-9574497987,3.4,,"Liberty Shopping Center, Commerce College Road, Navrangpura, Ahmedabad - 380009, Opposite Leelavati Ladies Hostel",
Stone Spalon,+(91)-9016827876,4.6,,"Shop No:3,4 Vijay Appartment, Vijay Cross Road, Navrangpura, Ahmedabad - 380009, Above R.K. Bhajipav, Near Hero Bike Showroom",
Style Hair Studio,+(91)-9377367820,5.0,,"Income Tax, Shop No34 , Ground Floor, Ajanta Complex, New Rbi Road, Income Tax, Ahmedabad - 380014, Ashram Road",
Expert Hair Art,+(91)-7600764098,4.4,,"Near Sarangpur Bridge Corner, Rakhiyal Road, Gomtipur, Ahmedabad - 380021, Near.kamdan medan",
Loerial Training Centre,+(91)-79-26562537,4.2,,"2nd Floor, Sutariya Complex, Mithakhali Six Road, Navrangpura, Ahmedabad - 380009, Near Medisurge Hospital",
Fariel D Fariel Spa And Nai..,+(91)-9825873367,3.1,,"621/8 Patidar Society,, Ellis Bridge, Ahmedabad - 380006",
Komal The Salon,+(91)-8460756322,4.5,,"G-11,Samaan Complex, Satellite, Ahmedabad - 380015, Opposite Satyam Mall,Near Mansi Circle",
Naaz Beautician,+(91)-079-25397316,4.1,,"F-1, Clifton Park Tower, Nr. Swaminarayan Arts College, Shah Alam, Ahmedabad - 380028, Opp.shalimar Cinema",
Celebrations Womens Salon,+(91)-9099947070,4.0,,"13, Ground Floor, Setu Square, Sona Cross Road, Sona Cross Roadnew Cg Road, Chandkheda, Ahmedabad - 382424",
Real Choice Hair Style,+(91)-9173034902,4.0,,"9, Tirth Dev Bhumi Complex, Subhash Bridge Road, Subhash Bridge, Ahmedabad - 380027, Opposite Rto, Keshavnagar",
Shahibaug Hair And Care,+(91)-8733061524,4.0,,"Shahibaug Road, Ahmedabad - 380004, Opposite Commisioner Office",
Advance Hair Saloon & Acade..,+(91)-9377251748,3.9,,"Shop Number 7, Ground  Floor, Hiranya Complex, Laad Society Road, Vastrapur, Ahmedabad - 380015, Near Lake Fountain",
Blue Lagoon Family Salon,+(91)-9925932090,3.8,,"Sardar Nagar, Ahmedabad - 382475, Behind Talavdi Bus Stand",
Infinity Cuts Ahmedabad,+(91)-9913701430,4.9,,"Opp. Omkareshwar Mahadev Mandir,, Satellite, Ahmedabad - 380015, Opp. Kirtisagar Appartment",
Super Hair Beauty Parlour,+(91)-079-27496423,3.8,,"1, Ground Floor, Aamrapali Complex, Ankur Road, Naranpura Vistar, Ahmedabad - 380013, Opposite GHB Tower, Opposite Jain Derasar",
Krishna Hair Salon,+(91)-9725889944,3.7,,"Sarvottam Nagar Society, Drive In Road, Navrangpura, Ahmedabad - 380009, Near Commerce Char Rasta",
Shrungar Beauty Parlour & C..,+(91)-79-27488589,3.4,,"21, Agrawal Towers, Bhuyangdev Char Rasta, Sola Road, Ahmedabad - 380061",
Kamela Rushnaiwala,+(91)-9924219878,5.0,,"Parasbaugh Society, 13, Kocharab, Ellis Bridge, Ahmedabad - 380006, Behind V.S Hospital",
Infinity Beauty Salon,+(91)-79-48002566,4.9,,"FF-104, Gold Leaf Building, C G Road, Ahmedabad - 380009, Opposite Tomato Restaurant",
S S Hair & Beauty Studio,+(91)-8980390394,4.6,,"BG-S2, Shukan Residency, Sona Cross Road, New C G Road-chandkheda, Ahmedabad - 382424, Opposite Sahjanand Complex, Opposite Rajdhani Pan Parlour",
El Dios Barbero & Acedemy,+(91)-9099097960,4.5,,"8, Skylon Shopping  Centre Opposite Jahanvee Restaurant, Ambawadi, Ahmedabad - 380006, University to Panjarapole Cross Road",
Head Masters Salon,+(91)-079-40394790,4.4,,"2nd Floor, Armieda Building, Sindhu Bhavan Road, Thaltej, Ahmedabad - 380059, Near Off S G Highway, Near Pakwan Cross Road",
Kesh Kala Salon,+(91)-9586606668,4.2,,"4, Skylon Complex, University Road, Ambawadi, Ahmedabad - 380006, Opposite  Gulbai Tekra Brts, Opposite Jahanvee Restaurant",
Broadway Hair Art,+(91)-079-26606876,4.2,,"Shop No Z-1, Swastik Complex, Vasna Barrage Road, Vasna, Ahmedabad - 380007, Opposite Ekta Tower",
Metro Hair Cutting Salon,+(91)-8734043993,3.3,,"Jamalpur Chakla, Jamalpur, Ahmedabad - 380001, Near Haji Building",
Angel Bridal Makeover,+(91)-9152169702,4.8,,"Shop No. 5, Shreenath Heights, Kathwada Road, Naroda, Ahmedabad - 382330, Opp. Vrajvihar So",
Enrich Salon,+(91)-8828893000,4.4,,"Shop No GF/2, Stellar, Sindhu Bhavan Road, Bodakdev, Ahmedabad - 380054",
Expert Hair Art & Beauty Pa..,+(91)-9099733821,4.4,,"Shop No4,5, 1st Floor, Shantam Avenue, Gurukul Road, Memnagar, Ahmedabad - 380052, Near Vishramnagar Bus Stop",
My Sparkle Salon,+(91)-8238092236,4.3,,"210 Pavelian Mall, Nikol, Ahmedabad - 380024, Near Rajhansh Cinema Opposite Platinum Plaza",
Panache Salon,+(91)-9173420021,4.2,,"B-214, Orchid Centre, Opposite Safal Parisar, Bopal, Ahmedabad - 380058, South Bopal",
Relief Hair And Beauty Care,+(91)-9825633922,3.9,,"L 6 Anishaa Complex, Mahalaxmi Five Cross Roads, Paldi, Ahmedabad - 380007, Near Nava Vikash Gruh Roadopp. Alha",
Anmol Hair Saloon,+(91)-9998642657,3.8,,"Shop-114, First Floor, Sukhsagar Complex, Ashram Road, Usmanpura, Ahmedabad - 380013, Near Hotel Fortune Landmark",
Image Family Salon,+(91)-79-27681705,5.0,,"4, Ground Floor, Anupam Society, Naranpura Char Rasta, Naranpura Vistar, Ahmedabad - 380013, Opp. Sujay Appartment",
Nirala Unisex Salon,+(91)-8758636508,5.0,,"Shop No 102, 1st Floor, Rudra Complex, Ambawadi, Ahmedabad - 380006, Near Kalyan Jewellers, Ambavadi Circle",
White Leaf Salon,+(91)-9974741901,4.9,,"Ground Floor, Arista Complex, Pakwan Cross Roads, Sindhubhavan Road, Bodakdev, Ahmedabad - 380054, Near Armeda Salon",
Cre8 Salon,+(91)-9558599946,4.6,,"Shop No.7, Aliza Complex, Juhapura to Sarkhej Road, Juhapura, Ahmedabad - 380055, Near Tawaqqal Tea Stole",
Daffodils Spa & Salon,+(91)-9152158397,4.5,,"12, Goyal Intercity Raw House, Drive in Road, Drive In Road, Ahmedabad - 380052, Opposite T.V. Tower",
Panash The Nail Spa And Sal..,+(91)-9727185200,4.3,,"15, Ground Floor, Prime Max Building, Bodakdev, Ahmedabad - 380054, Opposite Mother Dairy, Near Gormoh Restaurant",
Manisha Hair Art,+(91)-9904315790,4.0,,"Shop No 1, Rang Krupa Complex, Parimal Garden Across Road, Ellis Bridge, Ahmedabad - 380006, Besides Gujarat Gas",
BEST Hair Style.,+(91)-9624702056,4.0,,"Shop No.G-7, GF, Rangoli Complex., Ellis Bridge Cross Road., Ellis Bridge, Ahmedabad - 380006, Opposite V S Hospital.",
Metro Hair Dresser,+(91)-9714633501,3.7,,"Ground Floor, Naresh Building, Maninagar, Ahmedabad - 380008, Opposite L G Hospital, Near L G Corner",
Yaana Beauty & Spa,+(91)-9152181297,3.5,,"FF 06 City Square Mall,, Godrej Garden City Road, City, Jagatpur, Ahmedabad - 382470",
Bhavani Hair N Care,+(91)-079-25460615,3.4,,"Shop No:- 01,,Aradhana Flats, Maninagar, Ahmedabad - 380008, Old Aradhana School,",
Metro Hair Dresser,+(91)-9427711636,4.6,,"Shop Number 4, Satyam Complex, Beside Koshry Gas, Maninagar East, Ahmedabad - 380008, Near Jawahar Chawk Bus Stand",
Yes Boss Family Salon,+(91)-9152198351,4.5,,"Shop No 19 A Ground Floor Parul Shopping Centre, Sola Road, Ahmedabad - 380061, Near Bhuyangdev Cross Roads And Bhuyangdev Bus Stop",
Karachi Hair Salon,+(91)-9016586565,4.5,,"IDGAH, Ahmedabad - 380016",
Midas Touch Herbal Care,+(91)-9152330250,4.3,,"104, 1st Floor, May Rose Tower,, Ellisbridge Road,, Ellis Bridge, Ahmedabad - 380006, Behind V. S. Hospital, Near Ellisbridge Post Office",
Metro The Unisex Saloon,+(91)-8733882733,4.2,,"Shop No 3, Natvar Flats, Bhaduat Nagar Road, Maninagar, Ahmedabad - 380008, Opposite Yamunaji Haveli, Bhaduat Nagar",
Stylo Hair Salon,+(91)-9824601899,4.0,,"Shop-20,Lower Level, Medicare Centre, Ashram Road, Ellis Bridge, Ahmedabad - 380006, Behind M J Library,Opposite Gujarat Bhavan",
Pearls & Petals,+(91)-8155008661,4.0,,"204, Sigma Icon 1, 132, Feet Ring Road, Satellite, Ahmedabad - 380015, Opposite Medilink Hospital, Shyamal",
Shreeji Hair Care,+(91)-79-26426384,3.6,,"B/4, Silicon Tower, Basement, Ellis Bridge, Ahmedabad - 380006, Bellow Freezland Snacks, Nr Law Garden",
Nikhar beauty parlour,+(91)-8469685147,2.9,,"7,1st Floor, Gazala Arcade, T.P 85 100ft Road, Juhapura, Ahmedabad - 380055, Opposite Amber Tower Ahmedabad",
Tressary Salon,+(91)-9974279363,4.5,,"G-4,Gala Magnus Complex, South Bopal, South Bopal, Ahmedabad - 380058, Near Orchit Complex",
Family Salon,+(91)-9909922991,3.4,,"Vikas Gruh Rd, Paldi, Ahmedabad - 380007, Opposite Shree Rang Apartment",
Payal Hair Salon & Spa,+(91)-9099337771,3.1,,"Shop No 63, 1st Floor, Sardar Centre, Vastrapur, Ahmedabad - 380015, Opposite State Bank Of India",
Shagun The Beauty Zone & Ac..,+(91)-9152563258,5.0,,"206, 2nd Floor, Stellar, Sindhubhavan Road,, Bodakdev, Ahmedabad - 380054",
Mayur Hair & Care,+(91)-9228106247,4.5,,"Shop No 1, 1st Floor, Ashirvad Tower, Ghatlodiya, Ahmedabad - 380061, Near Nutan School, Prabhat Chowk",
Naturals Salon & Nails,+(91)-9512396963,4.5,,"First Floor, 07, Maple Trade Center, Above Axis Bank, Near Surdhara Circle, Thaltej, Ahmedabad - 380059, Sal Hospital Road",
Maori Tattoo And Salon,+(91)-9586459352,4.5,,"111, Dhiraj Avenue, Beside Kalyan Jewellers, Ambawadi, Ahmedabad - 380006, Beside Kalyan Jewellers, Opposite Chhadawad Police Chowky, Behind Central Mall",
The Cabinet Salon,+(91)-9909270171,4.3,,"Ground Floor 2 Puspdeep Estate, Saraspur, Ahmedabad - 380018, Near City Gold Cinema",
New Adren Spa,+(91)-9054553808,4.2,,"12 Om Arcade, Maruti Suzuki Showroom, Vastral, Ahmedabad - 382418",
Western Hair Dresser,+(91)-9824586674,4.2,,"Shop No 2, M B Tower, Khanpur Road, Khanpur, Ahmedabad - 380001, Opposite Pushapak Building",
Naaz Hair Stylo,+(91)-79-22135927,4.1,,"Relief Road, Ahmedabad - 380001, Nr Shethia Building Opp Uttam Nivas",
Style & Smile The Salon (Hi..,+(91)-79-40031434,4.0,,"Shop No 301, 2nd Floor, Himalaya Mall, Drive In Road, Gurukul, Ahmedabad - 380052, Near Indraprasth Tower, Opposite ICICI Bank",
The Stylish Studio,+(91)-9152385914,3.8,,"C 2 Ravji Apartment, Vijay Cross  Road, Navrangpura, Ahmedabad - 380009, Near Pallavi Apartment  Opposite Memnagar Fire Station",
Vidals Unisex Salon,+(91)-9879681403,4.9,,"Shop No:103,104 Shital Plaza, Kankaria Road, Maninagar, Ahmedabad - 380008, Near Kankaria Lake Opposite Rambaugh BRTS Stand",
Nice Salon Hair & Beauty Ca..,+(91)-7874630863,4.6,,"Shop No:103,104, First Floor, Free Way Trade Center, Near Narol Village, Narol, Ahmedabad - 382405, Besides Gandhi Hospital",
Apsara Hair Art,+(91)-9998109024,4.5,,"Shop No 22, Ground Floor, Orchid Mall, Thaltej Gam Shilaj Road, Thaltej, Ahmedabad - 380054, Near Goverdhan Party Plot",
A Tres Beau Unisex Salon & ..,+(91)-9924487317,4.5,,"Shop No.14,Dharmvatika,Opp.Baleshwar City,Hathijan Mahemdabad Road,, Hathijan Circle,, VINZOL, Ahmedabad - 382445, Near Vinzol",
Final Touch Hair Saloon & T..,+(91)-9687494711,4.2,,"104-105 Empire Heights, Behind Dominos Pizza, Ghodasar, Ahmedabad - 380050, Near Vaibhav Laxmi Temple",
Classic Hair Art,+(91)-079-27471845,3.8,,"Shop No 8, Lower Level, Indraprasth Tower, Drive In Road, Ahmedabad - 380052, Besides Himalya Mall",
Relief Hair Dressing Salon,+(91)-79-22165092,3.7,,"Relief Road, Ahmedabad - 380001, Opp.zakeriya Masjid",
Namrata Beauty Parlour,+(91)-79-22816661,3.6,,"Naroda, Ahmedabad - 382330, Opposite Devi Cinema, Near Monginis Cake, Opposite Mahaprabhuji Ni Bethak",
Om Hair & Beauty Salon,+(91)-7359103452,3.6,,"A-115/2, S Mall, Motera, Ahmedabad - 380005, Behind Canara Bank",
Moh Salon,+(91)-9173900993,4.9,,"7, Krishna Kanan Complex, Maninagar, Ahmedabad - 380008, Opposite Life Fitness Gym, Krishna Baug",
Ashok Hair & Care,+(91)-9825845958,4.9,,"Shop No.-FF-2, Chinmay Crystal, Vastrapur Lake Road,, Vastrapur, Ahmedabad - 380015, Opposite Vastrapur Lake,",
Bhagwati Hair And Care,+(91)-9586977910,4.9,,"SHOP NO:6,GROUND FLOOR,NARANMUKHI ESTATE, BHULABHSI CROSS ROAD, Kankaria, Ahmedabad - 380022, OPPOSITE MSGYA VAN MANDIR SOCIETY",
S Kumars Salon & Academy,+(91)-79-48005414,4.8,,"Shop No 3 Shyam Tirth Complex, Satellite, Ahmedabad - 380015, Near Chandan Party Plot Jodhpur",
Fashion Villa,+(91)-9824984807,4.8,,"Shop No.10, Sudarshan Gold, Science City Road , Water Tank Lane, Sola, Ahmedabad - 380060, Opposite Murlidhar Party Plot,",
Glow Zone Beauty Care,+(91)-9664670171,4.7,,"F-404, Sahjanand Residency, Memnagar, Ahmedabad - 380052, Opposite Helmet Circle",
Prayosha Beauty Parlour,+(91)-9152120010,4.5,,"4, Shopping Villa Complex, First Floor, Naranpura Road, Naranpura Vistar, Ahmedabad - 380013, Behind Naranpura Bus Stand",
F 4 U The Unisex Salon,+(91)-9925062856,4.5,,"Shop No 108,109 Advait Complex, Satellite, Ahmedabad - 380015, Near Sandesh Press Road",
Aavkar Hair Art,+(91)-9898119597,4.3,,"Shop No-First Floor-10, Arjun Tower, Arjun Tower, Ghatlodiya, Ahmedabad - 380061, Near C.P. Nagar",
Flick Studio,+(91)-9601712865,4.3,,"Ratnakar Atelier, Shop Number-12,, Balaji Garden Restaurant Road, Satellite, Ahmedabad - 380015, Near Vraj Vihar-4, Beside Satyam Status",
Quezon Skin And Hair Care,+(91)-8128066285,4.3,,"B-101-102, Silver Square, Thaltej Shilaj Road, Thaltej, Ahmedabad - 380059, Above Icici Bank",
Sem Unisex Salon,+(91)-79-48911489,4.0,,"Shop No 2,Ground Floor, Sainath Complex, Near Usmanpura Underpass, Naranpura Vistar, Ahmedabad - 380013, Near Sardar Patel Colony, Opposite Shubham Hospital",
Red and Black The Family Sa..,+(91)-7878355888,3.0,,"37, 1st Floor, Kabir Enclave, Vibhusha Bunglow Road, Bopal, Ahmedabad - 380058",
Shanvins Professional Salon,+(91)-8051661111,5.0,,"Shop No. 3, 1st Floor, Rudra Plaza, Mother Dairy Cross Road, Bodakdev, Ahmedabad - 380054",
Herik Family Salon & Spa,+(91)-9998262358,4.9,,"Shop No 10-11, Rajvi Residency, Nava Naroda, Ahmedabad - 382330, Behind Rajhans Cinema, Near Shukan Cross Road",
Unique Family Saloon,+(91)-9913399170,4.9,,"Shop Number-B-5, Ground Floor, Swaminarayan Complex, Mahalaxmi Five Road, Paldi, Ahmedabad - 380007, Behind Navjivan Restaurant, Opposite Ankur School",
S Blond Hair & Beauty Famil..,+(91)-9512000535,4.9,,"1,2, Savan Mall, S G Highway, Sola Road, Sola, Ahmedabad - 380060, Behind Kargil Petrol Pump,Opposite Fun Point Club",
Kreations Hair Salon,+(91)-9898177989,4.8,,"2, First Floor,  Shrenik Avenue, Near Naranpura Cross Road, Naranpura Vistar, Ahmedabad - 380013, Near Naranpura Police Chowky",
Lady Grace Herbal Beauty Ca..,+(91)-79-26652468,4.5,,"Shop No 2  2nd Floor, Suvidha Shopping Center, Paldi, Ahmedabad - 380007, Opposite Karnavati Shoe Bazar  Near Parimal Under Bridge",
Pravah Family Spalon,+(91)-7779001379,4.4,,"Ff/33,Shyam Shikhar Complex, Near Dinesh Chamber, Bapunagar, Ahmedabad - 380024, M.i Store Near",
Best Hair Arts,+(91)-7016324597,4.3,,"Shop Number-1, Ground Floor Kalyan Niwas, Raipur Gate, Ahmedabad - 380002, Opposite 10 Acress Mall, Near Kankaria Road",
Pagathiya Hair Art,+(91)-9173136191,4.3,,"Jamalpur, Ahmedabad - 380001, Opposite Jamalpur Pagathiya Bus Stand",
Shreeji Beauty Salon & Acad..,+(91)-9152119768,3.9,,"27/A Vashuki Society, Vasna, Ahmedabad - 380007, Opposite Vasna Bus Stop",
Sarthi Natural Therapy Cent..,+(91)-9099262211,3.6,,"Ground Floor, A/5, Technical Textile Society, Income Tax, Ahmedabad - 380014, Near Dinesh Hall, Raj Shree Avenue",
Krishna Hair Art,+(91)-9998848669,3.4,,"Shop No 8, Ground Floor, Soham Complex, Navrang School Six Road, Navrangpura, Ahmedabad - 380009, Opposite Shri Ram Temple, Behind C. P. Chambers",
Babies Beauty Salon,+(91)-9930290679,5.0,,"Shop No.119, Sidhi Darsan Shopping Center, 100 Feet Anand Nagar Road, Satellite, Ahmedabad - 380015, Opposite  Seema Hall, Prahladnagar",
Sonika Hair Style,+(91)-8866077221,5.0,,"SHOP NO:4,GROUND FLOOR,M.P.BASHA COMPLEX, ASHRAM ROAD, Ellis Bridge, Ahmedabad - 380006, OPPOSITE V.S. HOSPITAL",
Heera Spa & Salons,+(91)-9925487795,4.9,,"F 2 Aakar Complex, Darpan Six Roads, Navrangpura, Ahmedabad - 380009, Near Jolly Motors",
Angle beauty zone,+(91)-9825902264,4.9,,"Ground Floor, Siddheshwar Complex, Viratnagar, 100ft Ring Road, Odhav, Ahmedabad - 380006",
Rv Hair World,+(91)-9033975142,4.7,,"S-103, City Center Arcade, Krishna Nagar, Ahmedabad - 382345, Near S.r.p Campus",
Jolly Family Salon,+(91)-9824778396,4.7,,"A-10 Kailashnath Society, Maninagar, Bhairavnath, Ahmedabad - 380007, Opp. Bhairavnath BRTS Bus Stand",
Sahiba Beauty Parlour,+(91)-9375828267,4.6,,"M11 & 12, Shrinand Nagar Part 1, Juhapura Road, Vejalpur, Ahmedabad - 380051, Opposite Jain Derasar",
Lemon Star,+(91)-7779018695,4.6,,"Shop No. F-5, First Floor, Kunjan Complex, Sardar Patel Bavla Cross Roads, Naranpura Vistar, Ahmedabad - 380013, Above Maharaj Samosa House, Near Sardar Patel Statue",
Rangoli Beauty Parlour,+(91)-9879965969,4.5,,"Shop 20, Ground Floor, Ranjit Complex, Naroda, Ahmedabad - 382330, Naroda Patiya, Opposite National Handloom",
New Look Hair Salon,+(91)-9723421596,4.4,,"Shop No.3, Upper Level,Rajnagar Complex, Naryan Nagar Road, Paldi, Ahmedabad - 380007, Near NID",
R K Hair Care,+(91)-7435929122,4.4,,"Shop No.4,Surya Complex, Kankaria, Ahmedabad - 380022, Opposite Classical School,",
Poise Spa & Salon,+(91)-9662397733,4.1,,"Sarkhej Gandhinagar Highway, Ahmedabad - 380055, Rajpath Club",
Up To Date Hair And Salon,+(91)-7096846291,4.1,,"2, Ground Floor, Ambica Bhuvan, Vastrapur, Ahmedabad - 380015, Near Ganpati Temple, Vastrapur Gam",
Jasmine Beauty Parlour,+(91)-79-27471768,4.1,,"3, Ambalal Complex, Someshwar Park Road, Thaltej, Ahmedabad - 380054, Opposite Someshwar Park",
Krishna Beauty Parlour And ..,+(91)-7600644200,3.9,,"52 Uttar Gujarat Patel Society Part -1, Asarwa, Ahmedabad - 380016, Near Babupura, Behind Vishwa Vidhyalay School",
Charvi Beauty Hub,+(91)-8160780624,3.5,,"Shop No 2, Navsiddhi Flat, Usmanpura Garden Road, Usmanpura, Ahmedabad - 380013, Near Navkar Hospital, Usmanpura Garden",
Style Maker,+(91)-8866505062,3.4,,"Shop Number 6,Prasiddhi Complex, Saraspur, Ahmedabad - 380018, Near Ambedakar Hall",
New Ambica Hair Cuting,+(91)-9924129939,3.3,,"Near Raipur Char Rasta, Astodia Road, Raipur, Ahmedabad - 380001, Opposite Vivekanand college",
Classic Hair & Beauty Saloo..,+(91)-9687007731,3.1,,"Shop No :- A-38,Applewoods Galleria, S.p Ring Road, South Bopal, Ahmedabad - 380058, Near Applewood Township,Shantipura Cross Road",
Bharat Vijay Haircutting Sa..,+(91)-9426866677,3.1,,"Out side shahpur gate, Ahmedabad 4, Shahpur Road, Ahmedabad - 380002, Opp bhagat dharmashala",
Mj Family Salon,+(91)-7043217827,2.9,,"Shop No 8 Kalyan Tower,, Opposite Alpha One Mall,, Vastrapur, Ahmedabad - 380015, Near Kalyan Pusti Haveli,",
N. D. Hair Studio,+(91)-8735922602,5.0,,"Shop No - G 7, Earth Essence, Hebatpur Road, Thaltej, ahmedabad - 380059, Near Bagban Party Plot",
Cut Craze Unisex Salon,+(91)-9904263667,4.9,,"Shop No 25, Goyal Intercity Complex, Thaltej, Ahmedabad - 380059, Opposite Surdhara Circle Bungalows",
Gazal Beauty Care & Academy,+(91)-7069001296,4.9,,"1st Floor, Shop No. 09, Shantiniketan -3, Bapasitaram Chowk, Vastral, Ahmedabad - 382418, Nr. Hotel Purohit Ni Pole,",
Neha Bridal Make Up Studio ..,+(91)-8160187959,4.9,,"Gayekwad Haveli Road, Jamalpur, Ahmedabad - 380001, Beside Gtpl Office, Near Gayekwad Haveli Gate",
Collegian Family Hair Art,+(91)-9601165698,4.7,,"Gf 15, Dev Darshan Complex, Nr Abad Nagar Bus Stop, Bopal, Ahmedabad - 380058, Opp LOC Petrol Pump",
Le Sans Beauty Care,+(91)-9998969316,4.7,,"FF/1, Chandraprabhu Complex, Sardar Patel Bavla Cross Road, Naranpura Vistar, Ahmedabad - 380013, Opposite Life Care Hospital, Near Sardar Patel Bavla",
Forum Salon,+(91)-079-26403069,4.6,,"Shop No 119, Aaksh Arcade, Near Vijay Cross Road, Navrangpura, Ahmedabad - 380009, Opposite Memnagar Fire Stiion",
Kalkutta Hair Art,+(91)-7600033833,4.3,,"Fool Gali, Teen Darwaja, Ahmedabad - 380001, Near Dhalgarwad",
Femina Hair Art,+(91)-79-22867544,4.2,,"Narmadashanker Road, Girdhar Nagar, Ahmedabad - 380004, Near Navdeep Apartment",
Orange The Family Salon,+(91)-7096369593,3.8,,"Shop no 5  Gita shopping center, Dhananjay society, Ghodasar, Ahmedabad - 380050, Jaymala cross road",
Ketlook The Unisex Saloon,+(91)-9898545525,3.6,,"4 Dev Prayag Complex, Motera Bhat Road, Motera, Ahmedabad - 380005, Opp Santi Juniour School",
Monica Hair Art,+(91)-9909840786,3.5,,"Badshah Chambers, Ashram Road, Ellis Bridge, Ahmedabad - 380006, Near.v S Hospital",
Glow Saloon And Spa,+(91)-79-40029976,3.4,,"Shop No 1 Upper Level Krishna Complex, C G Road, Ahmedabad - 380009, Near Choice Restaurent",
Krutika Beauty Parlour,+(91)-9712899912,3.3,,"Shop No 41, Ankur Copmlex, Ankur Cross Road, Naranpura Vistar, Ahmedabad - 380013, Opposite Gayatri Dairy, Ankur",
Kavyas Beauty Salon,+(91)-9978055655,3.3,,"10 Krishnakanan Complex, Krishnabaug Char Rasta, Maninagar, Ahmedabad - 380008, Near Sankalp Restaurant",
Expose Salons Pvt Ltd.,+(91)-79-40032599,3.2,,"G-4 Asia House, Opp Mehsana Bank, Navrangpura, Ahmedabad - 380009, Near Swastik Cross Road,C. G. Road",
Simmi Unisex Salon,+(91)-9152475593,5.0,,"Shop No.1,  Shivani Complex, Up Gwaliya Sweet, Jawahar Chowk Char Rasta, Maninagar, Ahmedabad - 380008",
The New Gold Hair & Beauty ..,+(91)-9998368149,5.0,,"Shop No. 5, LL, Suhagan Complex, Vastrapur- Mansi Circle Road,, Vastrapur, Ahmedabad - 380015, Opposite Bala Hanuman Temple, Opposite Pruthvi Motors",
Krishna Beauty Parlour,+(91)-079-25464011,5.0,,"Isanpur Road, Maninagar, Ahmedabad - 380008, Near Jawahar Chowk, Near Jalaram Plaza",
Seema Beauty Parlour,+(91)-9152156759,4.9,,"K-8, Shivkedar Appartment, Chandlodiya, Ahmedabad - 382481, Behind Durga High School, Near Chandlodiya Lake",
Astha Unisex Salon,+(91)-7984276239,4.8,,"Shop No.9 , Ground Floor ,Shangrila Arcade, 100 Feet Ring Road, Satellite, Ahmedabad - 380015, Near Shyamal",
Jv Hair Studio,+(91)-6352122100,4.8,,"L-7 Ratanadeep Complex., Opp,Kalupur Bank, Sola Road, Ahmedabad - 380061",
Big Boss Salon For Men,+(91)-8866331388,4.8,,"Shop No 2, Riddhi Siddhi Complex, Behrampura, Ahmedabad - 380022, Near Kabbadi Market, Near Municipality School",
Mukesh Hair Salon,+(91)-9974777308,4.7,,"Shop No 2, 3/28, Gayatri Apartment, Sola Road, Ahmedabad - 380063, Near Ghatlodiya Police Station",
Roots Family Salon,+(91)-9998533327,4.4,,"Swimming Pool Road, Nirnay Nagar, Ahmedabad - 382481, Opposite Panchrahi Apartment, Near Sukan Apartment",
Roots Family Salon,+(91)-9998533327,4.4,,"Gf-29, Malabar County-2, Village Road, Tragad, Gota Road, Ahmedabad - 382481, B/h. Nirma University",
Vishal Hair And Care,+(91)-9723650769,4.4,,"4 Ajramar Flat, Gheekanta, Ahmedabad - 380001, Near Gheekanta Road",
Classic Hair Salon,+(91)-9725196484,4.1,,"Shop No-4, Ground Floor,  Shree Rang Complex, New Vikas Gruh Road, Paldi, Ahmedabad - 380007, Opposite BJP Office, Near Mahalxmi Complex",
Lakhi Salon For Females Onl..,+(91)-9924017724,3.5,,"33, Vraj Vihar 3, Jodhpur Char Rasta, Ahmedabad - 380015, Opposite Ashoknagar, Near Prernatirth Derasar",
Ishika The Family Salon,+(91)-9824062518,3.4,,"Shop No 18, Park Avenue, Off New C G Road, Chandkheda, Ahmedabad - 382424, Near Jalsa Party Plot",
Aashirwad Hair & Beauty Car..,No Number!,3.1,,"FF/2, 1st Floor, Parth Empire, Rambaug Road, Maninagar East, Ahmedabad - 380008, Opposite Rambaug Police Station",
Shivam Hair Style,+(91)-9998448825,3.0,,"Vasant Rajjab Cross Road, Vasant Rajjab Cross Roadroad, Behrampura, Ahmedabad - 380022, Opposite Mahadev Tample",
Jass Beauty Salon,+(91)-9152154678,1.4,,"Shop No-3 Sunrise Mall, Mansi Road, Mansi Circle, Ahmedabad - 380015, Near Swaminarayan Temple",
Shreeji Unisex Salon,+(91)-079-26409599,5.0,,"Shop Number 205, Sachet 2, Navrangpura, Ahmedabad - 380009, Beside Reliance House, Near Tomatoes Restaurant",
Sundar Kesh Kala Mandir,+(91)-9925757789,5.0,,"11, Ghanshyam Complex, Chandlodiya, Ahmedabad - 382481, Near Dhanjibhai's Kuva, Near Overbridge",
Salman Hair Saloon,+(91)-7567979534,5.0,,"Kubernagar G Ward, Kubernagar, Ahmedabad - 382340, Oppsite Kamlesh Auto Consult",
Expert Hair Dressers,+(91)-9898027070,5.0,,"Shop No 4, Satyam Shopping Center, Passport Office Road, Gulbai Tekra, Ahmedabad - 380015, Opposite Atlanta Complex",
Mahi Hair Salon,+(91)-7878153536,4.9,,"Shop No 11,Shukan Bunglows, Chanakyapuri Raod, Ghatlodiya, Ahmedabad - 380061, Near -chanakyapuri-3",
Aishwarya Beauty Parlour & ..,+(91)-9726615548,4.9,,"7, 1st Floor , Samruddhi Complex, New India Colony Road, Nikol, Ahmedabad - 380024, Near Satyam Plaza",
Impression Makeup Studio An..,+(91)-9725308569,4.9,,"20, Shukan Platinum, Vandemataram Cross Road, Gota Road, Ahmedabad - 382481",
God Bless Family Salon,+(91)-9913708032,4.9,,"Shop No.4 Paulas Pearl Flat, Nikol Gam, Ahmedabad - 382350, Opposite Sadgurusharan Flat",
Classic Hair Art,+(91)-7490019950,4.8,,"Shop No-7, Shreeji Enclave Ground Floor, Opposite Devpriya Complex, Satellite, Ahmedabad - 380015, Near Amarnath Mahadev,",
Bright Hair Saloon,+(91)-9601666610,4.8,,"Shop Number F-205, 206, Sobo Center, Gala Gym Khana Road, South Bopal, Ahmedabad - 380058, Near Sun City",
N B Hair Art,+(91)-8000763232,4.8,,"Shop No 2, Safar Complex, Mirzapur, Ahmedabad - 380001, Near Imperial Bakery, Beside Petrol Pump",
Foreign Hair Art,+(91)-9173229065,4.8,,"Ashram Road, Usmanpura, Ahmedabad - 380013, Opposite Damji Hotel, Near Auda Office",
Sangam Hair Art,+(91)-9898303557,4.7,,"Nawa Darwaja Road, Relief Road, Ahmedabad - 380001, Near Bhagatwada, Near Zakeriya Masjid",
Hair Studio,+(91)-9512460609,4.6,,"Ankur Society Vibhag 2, Ground Floor,, Naranpura Vistar, Ahmedabad - 380013, Near Ankur Char Rasta",
Raj Hair Art,+(91)-9574699653,4.6,,"Main Road, Behind,Navrangpura Police Line, Navrangpura, Ahmedabad - 380009, Near ,Navrangpura Police Station",
The Hair Studio Unisex Salo..,+(91)-9558244406,4.6,,"Shyam Complex, G6 Ground Floor, Amit Enclave,64 Swastik Society, Swastik Cross Road, Navrangpura, Ahmedabad - 380009, Opposite ,Near",
Hardip Hair And Beauty Parl..,+(91)-9275099601,4.5,,"Shop 5, FF Raj Complex, Haripura Road, Maninagar, Ahmedabad - 380008, Opp Seven Day School, B/H Haripura Bus Stop",
